{
  "_id": {
    "$oid": "68c4184a6bfe65fa38a7b8a7"
  },
  "concept": "Equinox",
  "description": "An equinox is a special day of the year when day and night are almost equal in length all over the Earth. This happens twice a year.",
  "key_topics_from_the_textbook": [
    "Equinox",
    "Vernal Equinox",
    "Autumnal Equinox",
    "Earth's revolution around the Sun",
    "Tilt of the Earth's axis"
  ],
  "detail": "There are two equinoxes each year:\n* The **Vernal Equinox** (also called the Spring Equinox) usually occurs around March 20th or 21st. In the Northern Hemisphere, this marks the start of spring, and in the Southern Hemisphere, it marks the start of autumn.\n* The **Autumnal Equinox** (also called the Fall Equinox) usually occurs around September 22nd or 23rd. In the Northern Hemisphere, this marks the start of autumn, and in the Southern Hemisphere, it marks the start of spring.\n\nDuring an equinox, the Earth's axis is not tilted towards or away from the Sun. This means that the Sun shines directly on the Earth's equator. Because of this, both the Northern and Southern Hemispheres receive nearly the same amount of sunlight.",
  "working": "The equinox happens because of two main reasons working together:\n1.  **Earth's Revolution:** The Earth is constantly moving around the Sun in an orbit.\n2.  **Earth's Tilt:** The Earth's axis is tilted at an angle of about 23.5 degrees. This tilt remains constant as the Earth revolves around the Sun.\n\nOn most days of the year, this tilt causes one hemisphere to be tilted more towards the Sun (receiving more direct sunlight and experiencing summer) and the other hemisphere to be tilted away from the Sun (receiving less direct sunlight and experiencing winter).\n\nHowever, during the equinoxes, the Earth's position in its orbit is such that the tilt of the axis is neither towards nor away from the Sun. As a result, the Sun's rays fall equally on the Northern and Southern Hemispheres, making the duration of day and night almost the same everywhere on Earth.",
  "intuition_logical_flow": "Imagine a spinning top tilted slightly. As it moves in a circle, sometimes the top's tilt points more towards you, and sometimes it points away. But at two specific points in its circular path, the tilt is neither pointing directly towards you nor directly away from you. It's kind of \"sideways\" relative to your viewpoint. This is like the Earth during an equinox. The Sun is the \"viewer,\" and the Earth's tilt doesn't favor either hemisphere.",
  "critical_thinking": "If the Earth's axis were not tilted at all, would there still be days when day and night are of equal length? Explain why or why not.",
  "open_ended_mcqs": [
    {
      "question": "Which of the following is a characteristic of an equinox?",
      "options": [
        "a) Day is longer than night in the Northern Hemisphere.",
        "b) Night is longer than day in the Southern Hemisphere.",
        "c) Day and night are almost equal in length all over the Earth.",
        "d) The Earth's axis is tilted directly towards the Sun."
      ],
      "correct_answer": "c) Day and night are almost equal in length all over the Earth."
    },
    {
      "question": "The Vernal Equinox marks the beginning of:",
      "options": [
        "a) Summer in the Northern Hemisphere and Winter in the Southern Hemisphere.",
        "b) Autumn in the Northern Hemisphere and Spring in the Southern Hemisphere.",
        "c) Spring in the Northern Hemisphere and Autumn in the Southern Hemisphere.",
        "d) Winter in the Northern Hemisphere and Summer in the Southern Hemisphere."
      ],
      "correct_answer": "c) Spring in the Northern Hemisphere and Autumn in the Southern Hemisphere."
    },
    {
      "question": "During an equinox, the Sun's rays shine directly on which part of the Earth?",
      "options": [
        "a) The North Pole",
        "b) The South Pole",
        "c) The Equator",
        "d) The Tropic of Cancer"
      ],
      "correct_answer": "c) The Equator"
    }
  ],
  "real_life_applications": [
    "Seasonal Changes: Equinoxes are the markers for the change of seasons (spring and autumn).",
    "Calendar Dates: The approximate dates of the equinoxes are used to define specific points in our calendar.",
    "Agriculture: Farmers and gardeners often plan planting and harvesting based on the changing seasons indicated by the equinoxes."
  ],
  "relation_between_sub_concepts": "The concept of equinox is directly related to the Earth's **revolution around the Sun** and the **tilt of the Earth's axis**. It's at specific points in the Earth's revolution that the fixed tilt of its axis results in the equinox phenomenon. Without both revolution and tilt, the equinox would not occur as described.",
  "cross_concept_critical_thinking": "How might life on planets with no axial tilt or planets that rotate very slowly be different from life on Earth? (This links to concepts of astronomy and biology/environmental science).",
  "exam_oriented_questions": [
    "What is an equinox? Briefly explain the two types of equinoxes.",
    "Describe how the tilt of the Earth's axis and its revolution around the Sun lead to the occurrence of an equinox.",
    "Explain why day and night are approximately equal in length during an equinox."
  ],
  "metrics_estimation": {
    "estimated_avg_time_taken_for_the_1st_time_learners": "10 min",
    "estimated_avg_time_taken_for_the_2nd_time_learners": "3 min",
    "number_of_revisions_needed_to_master": "3 (interval of revisit in days: 5)"
  },
  "importance": {
    "importance_for_the_rest_of_the_chapter": "60% (Crucial for understanding seasons)",
    "importance_for_the_olympiad": "Medium",
    "importance_for_the_iit_neet": "Low (More of a foundational science concept)",
    "definition_getting_asked_in_the_unit_test": "Medium"
  },
  "which_aspect_is_important": "Definition/Concept and the working process.",
  "should_you_remember_this": "Yes, because it helps you understand why we have different seasons and why day and night lengths change throughout the year.",
  "exam_preparation_common_mistakes_exam_tips": {
    "exam_preparation": "Draw a simple diagram showing the Earth's tilt relative to the Sun during an equinox to help visualize the concept.",
    "common_mistakes": "Confusing the Vernal and Autumnal Equinoxes for the Northern and Southern Hemispheres, or forgetting that the Earth's axis is tilted all the time.",
    "exam_tips": "When asked about equinoxes, clearly state that it's a time of equal day and night and then explain *why* this happens, mentioning the Earth's position and its axial tilt."
  },
  "image": [
    {
      "image_url": "https://upload.wikimedia.org/wikipedia/commons/thumb/d/de/Ecliptic_path.jpg/250px-Ecliptic_path.jpg",
      "description": "The relation between the Earth, Sun, and stars at the March equinox. From Earth's perspective, the Sun appears to move along the ecliptic (red), which is tilted compared to the celestial equator (white).",
      "subtopic": "Astronomical context"
    },
    {
      "image_url": "https://upload.wikimedia.org/wikipedia/commons/thumb/8/8b/North_season.jpg/250px-North_season.jpg",
      "description": "Diagram of the Earth's seasons as seen from the north. Far right: December solstice.",
      "subtopic": "Seasons"
    },
    {
      "image_url": "https://upload.wikimedia.org/wikipedia/commons/thumb/6/6a/South_season.jpg/250px-South_season.jpg",
      "description": "Diagram of the Earth's seasons as seen from the south. Far left: June solstice.",
      "subtopic": "Seasons"
    },
    {
      "image_url": "https://upload.wikimedia.org/wikipedia/commons/thumb/f/fd/Hours_of_daylight_vs_latitude_vs_day_of_year_with_tropical_and_polar_circles.svg/330px-Hours_of_daylight_vs_latitude_vs_day_of_year_with_tropical_and_polar_circles.svg.png",
      "description": "Contour plot of the hours of daylight as a function of latitude and day of the year, showing approximately 12 hours of daylight at all latitudes during the equinoxes",
      "subtopic": "Daylight hours distribution"
    },
    {
      "image_url": "https://upload.wikimedia.org/wikipedia/commons/thumb/8/8a/Saturn%2C_its_rings%2C_and_a_few_of_its_moons.jpg/250px-Saturn%2C_its_rings%2C_and_a_few_of_its_moons.jpg",
      "description": "WhenSaturnis at equinox itsringsreflect little sunlight, as seen in this image byCassiniin 2009.",
      "subtopic": "Saturn equinox"
    }
  ],
  "youtube": [
    {
      "video_url": "https://www.youtube.com/watch?v=WhxPVb7I7Cs",
      "video_title": "Seasons of the year | What Causes Seasons  | Seasons on Earth | How Seasons change on Earth",
      "video_description": "In this video, we explore, What causes the seasons of the year, - spring, summer, autumn, and winter. With the help of an ..."
    },
    {
      "video_url": "https://www.youtube.com/watch?v=l64YwNl1wr0",
      "video_title": "Earth's Rotation & Revolution: Crash Course Kids 8.1",
      "video_description": "So, have you ever wondered why we have seasons? Or maybe where the sun goes when it's nighttime? *Hint: It doesn't actually ..."
    }
  ]
}