{
  "_id": {
    "$oid": "68c4184a6bfe65fa38a7b8a2"
  },
  "concept": "Tilt of Earth's Axis",
  "description": "Imagine the Earth spinning like a top. But this top isn't perfectly straight up and down! It's tilted to one side by about 23.5 degrees. This tilt is called the \"Tilt of Earth's Axis.\" It's like our planet is leaning over as it spins and goes around the Sun.",
  "key_topics_from_the_textbook": [
    "The Earth's axis is tilted at 23.5 degrees.",
    "This tilt causes different parts of the Earth to receive varying amounts of sunlight throughout the year.",
    "The tilt is responsible for the change of seasons."
  ],
  "detail": "The Earth's axis is an imaginary line that passes through the North Pole and the South Pole. It's this line that the Earth spins around. Now, instead of being perfectly upright, this imaginary line is tilted. This tilt means that as the Earth orbits the Sun, sometimes the Northern Hemisphere leans towards the Sun, and sometimes the Southern Hemisphere leans towards the Sun.",
  "working": "1. **Earth's Orbit:** The Earth travels in a nearly circular path around the Sun.\n2. **Axis Tilt:** Throughout this journey, the Earth's axis remains tilted at a constant angle of 23.5 degrees relative to its orbital plane (the imaginary flat surface on which it orbits the Sun).\n3. **Sunlight Variation:** Because of this tilt, different hemispheres receive more direct sunlight at different times of the year.\n   * When the Northern Hemisphere is tilted towards the Sun, it receives more direct sunlight and experiences summer. At the same time, the Southern Hemisphere is tilted away from the Sun, receiving less direct sunlight, and experiences winter.\n   * As the Earth continues its orbit, about six months later, the Southern Hemisphere is tilted towards the Sun, experiencing summer, while the Northern Hemisphere experiences winter.\n   * Spring and autumn occur during the periods when neither hemisphere is tilted significantly towards or away from the Sun.",
  "intuition_logical_flow": "Think of holding a globe and shining a flashlight on it. If you hold the globe perfectly straight, different parts get light equally. But if you tilt the globe and move it around the flashlight (the Sun), you'll see that one side gets more intense light (like summer) while the other side gets weaker light (like winter). The Earth's tilt works in a similar way.",
  "critical_thinking": "If the Earth's axis were *not* tilted and was perfectly perpendicular to its orbital plane, how would the climate and daylight hours change across the globe throughout the year?",
  "open_ended_mcqs": [
    {
      "question": "What is the approximate angle of the Earth's axial tilt?",
      "options": [
        "a) 0 degrees",
        "b) 23.5 degrees",
        "c) 45 degrees",
        "d) 90 degrees"
      ]
    },
    {
      "question": "During which time of the year does the Northern Hemisphere receive more direct sunlight due to the Earth's axial tilt?",
      "options": [
        "a) When the Southern Hemisphere is tilted towards the Sun",
        "b) When neither hemisphere is tilted significantly",
        "c) When the Northern Hemisphere is tilted towards the Sun",
        "d) Always the same amount of sunlight"
      ]
    },
    {
      "question": "The primary reason for the change of seasons on Earth is:",
      "options": [
        "a) The Earth's distance from the Sun",
        "b) The Earth's speed of rotation",
        "c) The tilt of the Earth's axis",
        "d) The presence of the Moon"
      ]
    },
    {
      "question": "If the Earth's axis were tilted at 90 degrees, what would likely happen to the seasons?",
      "options": [
        "a) There would be no seasons.",
        "b) Seasons would be extremely extreme (very hot summers, very cold winters).",
        "c) Seasons would be mild and similar everywhere.",
        "d) The length of day and night would remain constant."
      ]
    }
  ],
  "real_life_applications": [
    "Understanding Seasons: This concept is the fundamental reason we experience different seasons like summer, winter, spring, and autumn.",
    "Agriculture: Farmers plan their crops based on the seasons, which are determined by the Earth's tilt.",
    "Travel and Holidays: People plan vacations based on seasonal weather patterns (e.g., summer holidays, winter skiing trips)."
  ],
  "relation_between_sub_concepts": "The \"tilt of Earth's axis\" is directly responsible for the \"change of seasons.\" The tilt dictates how much sunlight each hemisphere receives throughout the year, leading to the distinct characteristics of each season. Without the tilt, there would be no significant change of seasons.",
  "cross_concept_critical_thinking": "How does the Earth's axial tilt affect the amount of solar energy reaching different latitudes, and how might this relate to the concept of climate zones discussed in Geography?",
  "exam_oriented_questions": [
    "Define the tilt of the Earth's axis. What is its approximate angle?",
    "Explain how the tilt of the Earth's axis causes the change of seasons.",
    "Why does the Northern Hemisphere experience summer when it is tilted towards the Sun?"
  ],
  "metrics_estimation": {
    "estimated_avg_time_taken_for_the_1st_time_learners": "10 min",
    "estimated_avg_time_taken_for_the_2nd_time_learners": "3 min",
    "number_of_revisions_needed_to_master": "3 (interval of revisit in days: 5)"
  },
  "importance": {
    "importance_for_the_rest_of_the_chapter": "70% (This concept is foundational for understanding many other Earth phenomena discussed in this chapter).",
    "importance_for_the_olympiad": "Medium",
    "importance_for_the_iit_neet": "Very very rare (Basic understanding is useful but not a core focus).",
    "definition_getting_asked_in_the_unit_test": "High"
  },
  "which_aspect_is_important": "Def/concept is most important.",
  "should_you_remember_this": "Yes, because it's the main reason we have seasons, and understanding this concept is crucial for grasping many other Earth-related phenomena.",
  "exam_preparation_common_mistakes_exam_tips": {
    "exam_preparation": "Draw a diagram of the Earth orbiting the Sun and show the tilted axis to visually explain how different hemispheres receive different amounts of sunlight.",
    "common_mistakes": "Students often confuse the tilt of the Earth's axis with its elliptical orbit being the cause of seasons, or they forget to mention that the tilt is constant.",
    "exam_tips": "When explaining seasons, always mention both hemispheres and clearly state which one is tilted towards or away from the Sun."
  },
  "image": [
    {
      "image_url": "https://upload.wikimedia.org/wikipedia/commons/thumb/5/58/Earth_tilt_animation.gif/250px-Earth_tilt_animation.gif",
      "description": "An illustration ofaxial parallelism. The axis of Earth remains oriented in the same direction with reference to the background stars regardless of where it is in itsorbit. Northern hemisphere summer occurs at the right side of this diagram, where the north pole (red) is directed toward the Sun, winter at the left.",
      "subtopic": "Axial parallelism"
    },
    {
      "image_url": "https://upload.wikimedia.org/wikipedia/commons/thumb/4/40/Axial_tilt_vs_tropical_and_polar_circles.svg/500px-Axial_tilt_vs_tropical_and_polar_circles.svg.png",
      "description": "Relationship between Earth's axial tilt (ε) to the tropical and polar circles",
      "subtopic": "Axial tilt"
    }
  ],
  "youtube": [
    {
      "video_url": "https://www.youtube.com/watch?v=evyPuMRxgyA",
      "video_title": "What If Earth Loses Its Tilt? | Earth Axis Tilt Explained | The Dr. Binocs Show | Peekaboo Kidz",
      "video_description": "The seasons are caused by the tilt of the earth's axis and revolution of the earth around the sun. If the earth's axis had not been ..."
    }
  ]
}