{
  "_id": {
    "$oid": "68c415e36bfe65fa38a7b88a"
  },
  "Acids": {
    "Concept": "Acids",
    "Description": "Acids are a type of substance that often taste sour and can be found in many everyday items. They are special because of how they behave, especially when they meet other substances.",
    "Key Topics from the Textbook": [
      "What are acids?",
      "Examples of acids in everyday life.",
      "Properties of acids (sour taste, effect on indicators)."
    ],
    "Detail": "Acids are chemical compounds that share certain characteristics. One of the most recognizable properties of acids is their sour taste. Think about the tartness of a lemon or the sharpness of vinegar – these are due to the acids they contain. Another important characteristic is their reaction with indicators, which are special substances that change colour in the presence of acids.",
    "Working": "Acids work by releasing hydrogen ions (H⁺) when dissolved in water. This release of H⁺ ions is what gives them their characteristic properties, like their sour taste and their ability to react with other chemicals. For example, when an acid reacts with a base (another type of substance), they neutralize each other.",
    "Intuition / Logical Flow": "You can think of acids as being 'active' or 'reactive' substances. They are like a group of friends who are always ready to participate in an activity. When they meet certain other substances, like bases or indicators, they cause a noticeable change. The sour taste is like their 'signature' – a way nature tells you they are present.",
    "Critical Thinking": "If you were to discover a new fruit with a completely unknown taste, what simple test, using common household materials, could you perform to determine if it might contain an acid?",
    "Open-Ended MCQs": [
      {
        "question": "Which of the following is a common characteristic of acids?",
        "options": [
          "a) Sweet taste",
          "b) Bitter taste",
          "c) Sour taste",
          "d) Salty taste"
        ]
      },
      {
        "question": "Vinegar, which is used in cooking, contains which common acid?",
        "options": [
          "a) Citric acid",
          "b) Sulphuric acid",
          "c) Hydrochloric acid",
          "d) Acetic acid"
        ]
      },
      {
        "question": "Acids are known to react with indicators. What typically happens when an acid is added to an indicator like blue litmus paper?",
        "options": [
          "a) It turns blue.",
          "b) It turns red.",
          "c) It stays blue.",
          "d) It dissolves."
        ]
      }
    ],
    "Real-Life Applications": [
      "Food and Drinks: Many foods and drinks we consume contain acids, such as citric acid in lemons and oranges, and acetic acid in vinegar.",
      "Digestion: Our stomach produces hydrochloric acid to help digest food.",
      "Cleaning: Some cleaning products use acids to break down dirt and grime."
    ],
    "Relation Between Sub-Concepts": "The 'sour taste' and the 'effect on indicators' are both observable properties that arise from the fundamental nature of acids, which is their ability to release hydrogen ions (H⁺) in water. These properties help us identify acids.",
    "Cross-Concept Critical Thinking": "If you have a solution that turns blue litmus paper red (indicating it's acidic) and you add it to a solution that turns red litmus paper blue (indicating it's basic), what might happen to the litmus paper after mixing the two solutions, and why? (Hint: Consider what happens when acids and bases react.)",
    "Exam-Oriented Questions": [
      "Define an acid. Give two examples of acids found in everyday life.",
      "Describe the characteristic taste of acids. What happens when acids are added to blue litmus paper?"
    ],
    "Metrics Estimation": {
      "Estimated Avg time taken for the 1st time learners": "10 min",
      "Estimated Avg time taken for the 2nd time learners": "3 min",
      "# of revisions needed to master": "3 (interval of revisit in days: 5)"
    },
    "Importance": {
      "Importance for the rest of the chapter": "80% (Acids are foundational to understanding neutralization and bases.)",
      "Importance for the Olympiad": "Medium",
      "Importance for the IIT/NEET": "Low (Basic understanding is needed, but advanced concepts come later.)",
      "Definition getting asked in the unit test": "High"
    },
    "Which aspect is important?": "Def/concept (understanding what an acid is and its basic properties)",
    "Should you remember this?": "Yes, because understanding what an acid is and its basic properties is crucial for comprehending further concepts in chemistry, like bases and salts, and for identifying them in everyday life.",
    "Exam Preparation, Common Mistakes, Exam Tips": {
      "Exam Preparation": "Focus on understanding the definition and remembering common examples and their properties. Practice identifying acids from descriptions.",
      "Common Mistakes": "Confusing the taste of acids with bases (bases are bitter). Assuming all sour-tasting things are necessarily strong acids.",
      "Exam Tips": "When answering questions about acids, always mention their sour taste and their effect on litmus paper as key characteristics."
    },
    "images": [
      {
        "image_url": "https://upload.wikimedia.org/wikipedia/commons/thumb/d/d4/Zn_reaction_with_HCl.JPG/250px-Zn_reaction_with_HCl.JPG",
        "description": "Zinc, a typical metal, reacting withhydrochloric acid, a typical acid"
      },
      {
        "image_url": "https://upload.wikimedia.org/wikipedia/commons/thumb/9/96/Acetic-acid-dissociation-3D-balls.png/250px-Acetic-acid-dissociation-3D-balls.png",
        "description": "Diagrammatic representation of the dissociation of acetic acid in aqueous solution to acetate and hydronium ions."
      },
      {
        "image_url": "https://upload.wikimedia.org/wikipedia/commons/thumb/6/6c/Arrhenius2.jpg/250px-Arrhenius2.jpg",
        "description": "Svante Arrhenius"
      },
      {
        "image_url": "https://upload.wikimedia.org/wikipedia/commons/thumb/9/96/Acetic-acid-dissociation-3D-balls.png/500px-Acetic-acid-dissociation-3D-balls.png",
        "description": "Acetic acid, aweak acid, donates a proton (hydrogen ion, highlighted in green) to water in an equilibrium reaction to give theacetateion and thehydroniumion. Red: oxygen, black: carbon, white: hydrogen."
      },
      {
        "image_url": "https://upload.wikimedia.org/wikipedia/commons/thumb/a/a0/Hydrochloric_acid_ammonia.jpg/250px-Hydrochloric_acid_ammonia.jpg",
        "description": "Hydrochloric acid(inbeaker) reacting withammoniafumes to produceammonium chloride(white smoke)"
      },
      {
        "image_url": "https://upload.wikimedia.org/wikipedia/commons/thumb/c/cf/Tumbler_of_cola_with_ice.jpg/250px-Tumbler_of_cola_with_ice.jpg",
        "description": "Carbonated water (H2CO3aqueous solution) is commonly added to soft drinks to make them effervesce."
      }
    ],
    "youtube": [
      {
        "youtube_url": "https://www.youtube.com/watch?v=Z1QQwa_DcLQ",
        "description": "Class 7 Science NCERT Chapter 5 Acids, Bases, Salts."
      },
      {
        "youtube_url": "https://www.youtube.com/watch?v=6Hem2LvKL0k",
        "description": "Learn about different types of substances – Acids, Bases, and Neutrals – with fun examples and easy explanations! Chapter ..."
      },
      {
        "youtube_url": "https://www.youtube.com/watch?v=vjANaBTLYiA",
        "description": "Carbonic acid is a ______ acid. (strong/ weak) Class: 7 Subject: CHEMISTRY Chapter: ACIDS, BASES AND SALTS ..."
      }
    ]
  },
  "Bases": {
    "Concept": "Bases",
    "Description": "Bases are a type of chemical substance that have a slippery feel and a bitter taste. They are often the opposite of acids and can neutralize acids. Think of them as the 'other side' of a chemical coin, with acids being one side and bases being the other.",
    "Key Topics from the Textbook": [
      "Properties of bases (bitter taste, slippery feel)",
      "Examples of bases (Sodium hydroxide, Calcium hydroxide, Magnesium hydroxide, Ammonia solution)",
      "Uses of bases (cleaning agents, antacids)",
      "Reaction of bases with acids (neutralization)"
    ],
    "Detail": "Bases are chemical compounds that share certain common properties. One of the most recognizable properties is their bitter taste. However, it's crucial to remember that **you should NEVER taste chemicals** in a lab or at home to identify them. Another common characteristic is their slippery or soapy feel when touched. This is because bases react with the oils on your skin.\n\nJust like acids, bases can be found in many everyday substances. Some common examples include:\n* **Sodium hydroxide (Caustic Soda):** Found in soaps and cleaning agents.\n* **Calcium hydroxide (Slaked Lime):** Used in whitewashing.\n* **Magnesium hydroxide:** The active ingredient in milk of magnesia, used as an antacid.\n* **Ammonia solution:** Used in window cleaners.\n\nBases also have the important ability to react with acids in a process called **neutralization**. This reaction creates salt and water, making them less acidic or basic.",
    "Working": "Bases work by accepting protons (H⁺ ions) from acids. In water, many bases release hydroxide ions (OH⁻). When a base meets an acid, the OH⁻ ions from the base react with the H⁺ ions from the acid to form water (H₂O). This 'cancels out' the acidic and basic properties, making the solution neutral.\n\n**Step-by-step process of neutralization:**\n1.  An acid releases H⁺ ions.\n2.  A base releases OH⁻ ions.\n3.  The H⁺ ions from the acid and the OH⁻ ions from the base combine to form water (H₂O).\n4.  The remaining parts of the acid and base combine to form a salt.",
    "Intuition / Logical Flow": "Imagine acids as things that make your tongue tingle or feel 'sharp' (like lemon juice). Bases, on the other hand, feel 'smooth' or 'slippery' (like soap). If you mix something very 'sharp' (acidic) with something 'smooth' (basic) in the right amounts, they cancel each other out and become 'neutral' – neither sharp nor smooth. This is the basic idea behind how bases interact with acids.",
    "Critical Thinking": "If a scientist discovers a new substance with a bitter taste and a slippery feel, what are some initial steps they might take to confirm if it's a base, keeping safety in mind?",
    "Open-Ended MCQs": [
      {
        "question": "Which of the following properties is characteristic of a base?",
        "options": [
          "a) Sour taste",
          "b) Turns red litmus blue",
          "c) Releases hydrogen gas when reacting with metals",
          "d) Slippery feel and bitter taste"
        ],
        "Correct Answer": "d)"
      },
      {
        "question": "Milk of Magnesia is an antacid. Based on its use, which type of chemical substance would you expect it to be?",
        "options": [
          "a) Acid",
          "b) Base",
          "c) Salt",
          "d) Neutral substance"
        ],
        "Correct Answer": "b)"
      },
      {
        "question": "Which of the following is a common use of a base in everyday life?",
        "options": [
          "a) Lemonade",
          "b) Vinegar",
          "c) Window cleaner",
          "d) Stomach medicine for acidity (like antacids)"
        ],
        "Correct Answer": "c) (While d is also a use, window cleaner is a more direct and common example of a base's cleaning property.)"
      }
    ],
    "Real-Life Applications": [
      "Antacids: Many medicines that relieve stomach acidity (like Milk of Magnesia) contain bases like Magnesium hydroxide. These bases neutralize the excess acid in the stomach.",
      "Soaps and Detergents: Many soaps and detergents are made using bases. They help to break down grease and dirt, making them easier to wash away.",
      "Whitewashing: Calcium hydroxide, a base, is used for whitewashing walls."
    ],
    "Relation Between Sub-Concepts": "Bases are directly related to acids through the concept of **neutralization**. While bases have their own properties like bitter taste and slippery feel, their interaction with acids is a key aspect. The properties of bases also explain their uses in real-life applications, such as antacids (neutralizing stomach acid) and cleaning agents (reacting with grease).",
    "Cross-Concept Critical Thinking": "If you spilled a small amount of acid on your skin, what type of common household substance (that we've discussed as a base) might you use to try and neutralize it, and why would you be cautious? (Consider the interaction between acids and bases and their properties.)",
    "Exam-Oriented Questions": [
      "What are the two main properties of bases that you can observe? Give two examples of bases.",
      "Explain the process of neutralization with an example. What are the products formed when an acid reacts with a base?"
    ],
    "Metrics Estimation": {
      "Estimated Avg time taken for the 1st time learners": "10 min",
      "Estimated Avg time taken for the 2nd time learners": "3 min",
      "# of revisions needed to master": "3 (interval of revisit in days: 5)"
    },
    "Importance": {
      "Importance for the rest of the chapter": "60%",
      "Importance for the Olympiad": "Medium",
      "Importance for the IIT/NEET": "Low",
      "Definition getting asked in the unit test": "Medium"
    },
    "Which aspect is important?": "Def/concept",
    "Should you remember this?": "Yes, because understanding bases is crucial for grasping how acids and bases interact, which is a fundamental concept in chemistry. Their properties also explain the function of many everyday products.",
    "Exam Preparation, Common Mistakes, Exam Tips": {
      "Exam Preparation": "Focus on memorizing the key properties of bases and common examples. Understand the neutralization reaction and its significance.",
      "Common Mistakes": "Confusing the properties of acids and bases (e.g., thinking acids taste bitter or bases feel rough). Also, forgetting that you should never taste or touch unknown chemicals to identify them.",
      "Exam Tips": "When answering questions about bases, always mention their characteristic slippery feel and bitter taste, but emphasize safety. For neutralization, clearly state that it involves the reaction of an acid and a base to form salt and water."
    },
    "images": [],
    "youtube": []
  },
  "Neutral substances": {
    "Concept": "Neutral substances",
    "Description": "Neutral substances are like the balanced ones in the world of chemicals. They are neither acidic nor basic. This means they don't have the properties of acids (like tasting sour or turning blue litmus red) nor the properties of bases (like tasting bitter or turning red litmus blue).",
    "Key Topics from the Textbook": [
      "Neutralization reaction",
      "Formation of salt and water from acid and base",
      "pH scale and its relation to acids, bases, and neutral substances"
    ],
    "Detail": "Neutral substances have a pH value of 7. The pH scale is a way to measure how acidic or basic a substance is.\n* Substances with a pH less than 7 are acidic.\n* Substances with a pH greater than 7 are basic.\n* Substances with a pH exactly equal to 7 are neutral.\n\nPure water is a classic example of a neutral substance. When an acid and a base react together completely, they neutralize each other, forming a salt and water. Both the salt and water formed can be neutral, depending on their nature.",
    "Working": "The concept of neutral substances is directly related to the process of **neutralization**.\n1.  An **acid** has certain properties (e.g., releases H+ ions in water).\n2.  A **base** has opposite properties (e.g., releases OH- ions in water).\n3.  When an acid and a base react, they cancel out each other's properties.\n4.  The products of this reaction are typically a **salt** and **water**.\n5.  If the acid and base are equally strong and react completely, the resulting salt and water will be neutral, meaning they have a pH of 7.",
    "Intuition / Logical Flow": "Think of acids and bases as opposite forces. If you push one way (acid) and I push the opposite way with equal strength (base), we end up not moving anywhere – we are balanced. Neutral substances are like that balanced state where the 'acidic push' and the 'basic push' have cancelled each other out. Pure water is the ultimate example of this balance.",
    "Critical Thinking": "Imagine you have two beakers. One contains a very strong acid, and the other contains a very strong base. If you carefully mix them in the right amounts until the mixture is perfectly neutral, what do you observe about the properties of the resulting solution?",
    "Open-Ended MCQs": [
      {
        "question": "Which of the following pH values represents a neutral substance?",
        "options": [
          "a) 3",
          "b) 7",
          "c) 10",
          "d) 14"
        ],
        "Correct Answer": "b) 7"
      },
      {
        "question": "When an acid and a base react completely, they form:",
        "options": [
          "a) Only salt",
          "b) Only water",
          "c) Salt and water",
          "d) A stronger acid and a stronger base"
        ],
        "Correct Answer": "c) Salt and water"
      },
      {
        "question": "Which of these is typically a neutral substance?",
        "options": [
          "a) Lemon juice",
          "b) Baking soda solution",
          "c) Pure water",
          "d) Vinegar"
        ],
        "Correct Answer": "c) Pure water"
      }
    ],
    "Real-Life Applications": [
      "Food Preparation: When making certain dishes, like dough, if it becomes too sour due to fermentation (acidic), a little baking soda (a base) is added to neutralize the excess acid and make it taste better.",
      "Antacids: Stomach acid is acidic. Antacids (like milk of magnesia) are basic and are used to neutralize excess stomach acid, providing relief from indigestion.",
      "Soil Treatment: Farmers sometimes add lime (a base) to acidic soil to make it neutral, which is better for plant growth."
    ],
    "Relation Between Sub-Concepts": "The concept of neutral substances is the outcome of the **neutralization reaction**. When an acid and a base react in a way that their acidic and basic properties are completely cancelled out, neutral substances like salt and water are formed. The **pH scale** is the tool we use to measure and confirm if a substance is indeed neutral (pH = 7).",
    "Cross-Concept Critical Thinking": "How might the concept of neutralization (leading to neutral substances) be applied in the process of treating polluted water that has become either too acidic or too alkaline due to industrial waste? (This connects to environmental science/chemistry).",
    "Exam-Oriented Questions": [
      "What do we call a substance that is neither acidic nor basic? Explain with an example.",
      "Describe the process of neutralization and what products are formed.",
      "What is the pH of a neutral substance? Give two examples of neutral substances."
    ],
    "Exam Preparation, Common Mistakes, Exam Tips": {
      "Exam Preparation": "Understand the definition of neutralization and the role of pH in identifying neutral substances. Memorize examples of neutral substances.",
      "Common Mistakes": "Confusing neutral substances with slightly acidic or slightly basic substances. Not understanding that neutralization requires the complete cancellation of acid and base properties.",
      "Exam Tips": "When asked about neutral substances, always mention the pH of 7 and give clear examples like pure water or common salt."
    },
    "images": [
      {
        "image_url": "https://upload.wikimedia.org/wikipedia/commons/thumb/3/3b/Portrait_of_Sir_Isaac_Newton%2C_1689.jpg/250px-Portrait_of_Sir_Isaac_Newton%2C_1689.jpg",
        "description": "Isaac Newton, 1689"
      },
      {
        "image_url": "https://upload.wikimedia.org/wikipedia/commons/thumb/c/cc/Galileo.arp.300pix.jpg/250px-Galileo.arp.300pix.jpg",
        "description": "Galileo Galilei"
      },
      {
        "image_url": "https://upload.wikimedia.org/wikipedia/commons/thumb/b/b0/Inertial-vs-gravitational-mass-experiment.svg/250px-Inertial-vs-gravitational-mass-experiment.svg.png",
        "description": "The effect of inertial mass: if pulled slowly, the upper thread breaks (a). If pulled quickly, the lower thread breaks (b)."
      }
    ],
    "youtube": [
      {
        "youtube_url": "https://www.youtube.com/watch?v=B1GFCZBqAL0",
        "description": "Newton's law of inertia | Laws of motion #physics #experiment #learn #newton."
      }
    ]
  },
  "Indicators": {
    "Concept": "Indicators",
    "Description": "Indicators are special substances that change their color when they come into contact with acids or bases. They act like a color-changing signal, telling us whether something is acidic or basic.",
    "Key Topics from the Textbook": [
      "What are indicators?",
      "Natural indicators (e.g., Litmus, Turmeric, China Rose)",
      "How indicators work with acids and bases (color changes)"
    ],
    "Detail": "Indicators are chemical substances that show a distinct color change in the presence of an acid or a base. Think of them as tiny detectives that can reveal the secret identity of a substance – whether it's an acid or a base – just by looking at its color. This color change helps us understand the nature of the substance.",
    "Working": "When an indicator is added to a substance:\n1.  **If the substance is an acid:** The indicator will show a specific color change (e.g., litmus turns red).\n2.  **If the substance is a base:** The indicator will show a different specific color change (e.g., litmus turns blue).\n3.  **If the substance is neutral:** The indicator usually retains its original color or shows no significant change.",
    "Intuition / Logical Flow": "Imagine you have a secret code where 'red means stop' (acid) and 'blue means go' (base). Indicators work similarly. They are given a 'code' (their color) and they change this code based on whether they are exposed to an acid or a base. This color change is the signal.",
    "Critical Thinking": "If you found a new plant in your garden and wanted to know if its juice could be used as an indicator, what simple tests would you perform, and what results would you expect to see if it was an indicator for acids?",
    "Open-Ended MCQs": [
      {
        "question": "Which of the following is a natural indicator that changes its color in acids and bases?",
        "options": [
          "a) Sugar",
          "b) Salt",
          "c) Turmeric",
          "d) Water"
        ],
        "Correct Answer": "c) Turmeric"
      },
      {
        "question": "If a substance turns red litmus paper blue, what can you conclude about the substance?",
        "options": [
          "a) It is an acid.",
          "b) It is a base.",
          "c) It is neutral.",
          "d) It is neither an acid nor a base."
        ],
        "Correct Answer": "b) It is a base."
      },
      {
        "question": "What color does the China rose indicator typically turn in a basic solution?",
        "options": [
          "a) Red",
          "b) Blue",
          "c) Green",
          "d) Yellow"
        ],
        "Correct Answer": "c) Green"
      }
    ],
    "Real-Life Applications": [
      "Testing household cleaners: Many cleaning products are basic. Using an indicator like litmus paper can help confirm this.",
      "Checking the acidity of soil: Farmers sometimes use indicators to check if their soil is too acidic for certain crops.",
      "In laboratories: Scientists use various indicators to determine the pH (acidity or basicity) of solutions during experiments."
    ],
    "Relation Between Sub-Concepts": "* **Natural Indicators (Litmus, Turmeric, China Rose)** are the *examples* of indicators.\n* Their **color changes** in **acids** and **bases** are the *how* they work.\n* The concept of **indicators** itself is the overarching idea that these substances are used to identify acids and bases.",
    "Cross-Concept Critical Thinking": "How might the concept of indicators be related to understanding how our stomachs digest food, which involves acids? (Hint: Think about what happens to food in the stomach.)",
    "Exam-Oriented Questions": [
      "What is an indicator? Give an example of a natural indicator and explain its color change in an acidic solution.",
      "How can you use litmus paper to determine if a given liquid is an acid or a base?",
      "Describe the color change of turmeric indicator when it is applied to a soap solution. What does this color change tell you about soap?"
    ],
    "Metrics Estimation": {
      "Estimated Avg time taken for the 1st time learners": "10 min",
      "Estimated Avg time taken for the 2nd time learners": "3 min",
      "# of revisions needed to master": "3 (interval of revisit in days: 5)"
    },
    "Importance": {
      "Importance for the rest of the chapter": "50% (Crucial for understanding acids and bases throughout the chapter)",
      "Importance for the Olympiad": "Medium",
      "Importance for the IIT/NEET": "Low (Basic understanding required, but not in-depth for these exams)",
      "Definition getting asked in the unit test": "High"
    },
    "Which aspect is important?": "Definition and how they work with examples (color changes).",
    "Should you remember this?": "Yes, because indicators are fundamental to understanding the properties of acids and bases. Remembering their color changes will help you identify them easily.",
    "Exam Preparation, Common Mistakes, Exam Tips": {
      "Exam Preparation": "Practice identifying the color changes of common natural indicators (litmus, turmeric, China rose) in both acidic and basic conditions.",
      "Common Mistakes": "Confusing the color change of an indicator in an acid versus a base (e.g., saying litmus turns blue in acid).",
      "Exam Tips": "When answering questions, clearly state the indicator used, the type of solution (acid/base), and the resulting color change."
    },
    "images": [],
    "youtube": []
  },
  "Litmus paper": {
    "Concept": "Litmus paper",
    "Description": "Litmus paper is like a special kind of paper that helps us figure out if something is an acid or a base. It changes color depending on what it touches!",
    "Key Topics from the Textbook": [
      "Litmus paper as an indicator.",
      "Effect of acids on litmus paper.",
      "Effect of bases on litmus paper.",
      "Using litmus paper to test substances."
    ],
    "Detail": "Litmus paper is made from a natural dye called litmus. This dye comes from lichens, which are a type of plant. Litmus dye itself doesn't have a strong color on its own, but when it's treated and put on paper, it becomes a handy tool. There are usually two types of litmus paper: red litmus paper and blue litmus paper.",
    "Working": "1.  **Acids and Blue Litmus Paper:** If you dip blue litmus paper into an acidic substance (like lemon juice), the blue litmus paper will turn red.\n2.  **Acids and Red Litmus Paper:** If you dip red litmus paper into an acidic substance, it will stay red.\n3.  **Bases and Red Litmus Paper:** If you dip red litmus paper into a basic substance (like baking soda solution), the red litmus paper will turn blue.\n4.  **Bases and Blue Litmus Paper:** If you dip blue litmus paper into a basic substance, it will stay blue.\n\nSo, the change in color tells us whether the substance is acidic or basic.",
    "Intuition / Logical Flow": "Think of it like a secret code. Blue paper is like a 'red alert' for acids – it turns red when it sees one. Red paper is like a 'blue signal' for bases – it turns blue when it sees one. If the paper doesn't change color, it might be neutral (neither acidic nor basic).",
    "Critical Thinking": "Imagine you found a mysterious liquid in your kitchen. How could you use both red and blue litmus paper to determine if it's safe to taste (assuming it's not something obviously dangerous)?",
    "Open-Ended MCQs": [
      {
        "question": "When blue litmus paper is dipped in a solution, it turns red. This indicates that the solution is:",
        "options": [
          "a) Basic",
          "b) Acidic",
          "c) Neutral",
          "d) Both acidic and basic"
        ]
      },
      {
        "question": "Which of the following statements is TRUE about litmus paper?",
        "options": [
          "a) Red litmus paper turns blue in acids.",
          "b) Blue litmus paper turns red in bases.",
          "c) Red litmus paper stays red in acids.",
          "d) Blue litmus paper stays blue in bases."
        ]
      },
      {
        "question": "If you test a solution with both red and blue litmus paper, and both papers remain their original color, what can you conclude about the solution?",
        "options": [
          "a) It is a strong acid.",
          "b) It is a strong base.",
          "c) It is neutral.",
          "d) You cannot conclude anything."
        ]
      },
      {
        "question": "A student observes that red litmus paper turns blue when dipped in a certain liquid. This liquid is most likely:",
        "options": [
          "a) Vinegar",
          "b) Lemon juice",
          "c) Soap water",
          "d) Pure water"
        ]
      }
    ],
    "Real-Life Applications": [
      "Testing household cleaners: Many cleaning products are either acidic or basic. Litmus paper can be used to check their properties.",
      "Identifying unknown liquids in a lab: In school science labs, students often use litmus paper to quickly identify if a solution is an acid or a base.",
      "Educational demonstrations: Teachers use litmus paper to show students the difference between acids and bases in a visible way."
    ],
    "Relation Between Sub-Concepts": "Litmus paper acts as an **indicator**. The concept of acids and bases are the two main categories of substances that litmus paper helps us identify. The **working** of litmus paper is the process by which it changes color when exposed to these acids and bases.",
    "Cross-Concept Critical Thinking": "If litmus paper changes color in acids and bases, what other natural materials might also act as indicators of acidity or alkalinity? (Hint: Think about everyday food items.)",
    "Exam-Oriented Questions": [
      "What is litmus paper and how is it used to identify acids and bases?",
      "Describe the changes observed when blue litmus paper is dipped in an acidic solution and red litmus paper is dipped in a basic solution.",
      "You are given two liquids, A and B. Liquid A turns blue litmus paper red. Liquid B turns red litmus paper blue. Identify whether liquid A and liquid B are acidic or basic."
    ],
    "Metrics Estimation": {
      "Estimated Avg time taken for the 1st time learners": "10 min",
      "Estimated Avg time taken for the 2nd time learners": "3 min",
      "# of revisions needed to master": "3 (interval of revisit in days: 5)"
    },
    "Importance": {
      "Importance for the rest of the chapter": "80%",
      "Importance for the Olympiad": "Medium",
      "Importance for the IIT/NEET": "Low",
      "Definition getting asked in the unit test": "High"
    },
    "Which aspect is important?": "Def/concept and how it works.",
    "Should you remember this?": "Yes, because it's a fundamental tool for understanding acids and bases, which are important concepts in chemistry.",
    "Exam Preparation, Common Mistakes, Exam Tips": {
      "Exam Preparation": "Draw diagrams of how the color changes with red and blue litmus paper for both acids and bases. Practice identifying which color change signifies an acid and which signifies a base.",
      "Common Mistakes": "Confusing which color litmus paper to use or what color it turns in acids vs. bases. Forgetting that neutral substances don't change litmus paper color.",
      "Exam Tips": "Clearly state the initial color of the litmus paper, the substance being tested, and the resulting color change to explain your answer. Remember: Blue to Red is ACID, Red to Blue is BASE."
    },
    "images": [
      {
        "image_url": "https://upload.wikimedia.org/wikipedia/commons/thumb/5/5a/Lackmus.jpg/250px-Lackmus.jpg",
        "description": "Litmus powder"
      },
      {
        "image_url": "https://upload.wikimedia.org/wikipedia/commons/thumb/7/71/7-hydroxyphenoxazone.svg/250px-7-hydroxyphenoxazone.svg.png",
        "description": "Chemical structure of 7-hydroxyphenoxazone, thechromophoreof litmus components"
      },
      {
        "image_url": "https://upload.wikimedia.org/wikipedia/commons/thumb/9/92/Litmus_paper.JPG/250px-Litmus_paper.JPG",
        "description": "Litmus paper after being used"
      }
    ],
    "youtube": [
      {
        "youtube_url": "https://www.youtube.com/watch?v=3BfxiSJ5-hY",
        "description": "Blue and Red Litmus paper test using house hold substances."
      }
    ]
  },
  "Natural indicators": {
    "Concept": "Natural indicators",
    "Description": "Natural indicators are special substances found in nature, like certain plants, that can tell us if something is acidic or basic by changing their color. Think of them as nature's little color-changing detectives!",
    "Key Topics from the Textbook": [
      "Indicators",
      "Natural Indicators",
      "Effect of acidic and basic solutions on natural indicators (like turmeric, China rose petals, litmus)"
    ],
    "Detail": "* **What are Acids and Bases?** Our world is full of substances that can be either acidic or basic. For example, lemon juice is acidic, and baking soda is basic.\n* **What is an Indicator?** An indicator is a substance that helps us identify whether another substance is an acid or a base. It does this by changing its color.\n* **Natural Indicators:** These are indicators that we can get from natural sources.\n    * **Litmus:** This is a very common natural indicator. It is extracted from lichens. In a laboratory, it is usually available as a solution or on paper strips (litmus paper).\n        * Litmus solution turns **red** in acidic solutions.\n        * Litmus solution turns **blue** in basic solutions.\n    * **Turmeric (Haldi):** The yellow powder we use in cooking is also a natural indicator.\n        * Turmeric solution or paste turns **reddish-brown** in basic solutions.\n        * It does **not** change color in acidic solutions.\n    * **China Rose (Gudhal) Petals:** The petals of the China rose flower can also be used as an indicator.\n        * The extract from China rose petals turns **red** in acidic solutions.\n        * It turns **green** in basic solutions.\n        * It remains its original color (often magenta) in neutral solutions.",
    "Working": "Natural indicators work by undergoing a chemical reaction with acids or bases. This reaction causes a change in their molecular structure, which in turn alters the way they absorb and reflect light, leading to a visible color change.\n\n1.  **Add the Indicator:** Take a small amount of a substance you want to test.\n2.  **Add the Natural Indicator:** Add a few drops of a natural indicator (like litmus solution, turmeric solution, or China rose extract) to the substance.\n3.  **Observe the Color Change:** Watch carefully to see if the color of the indicator changes.\n4.  **Identify:**\n    * If the indicator turns red (or stays its original color in the case of turmeric with acid), the substance is likely **acidic**.\n    * If the indicator turns blue or reddish-brown (or green for China rose), the substance is likely **basic**.\n    * If there's no significant color change (for litmus and turmeric) or it remains its original color (for China rose), the substance might be **neutral**.",
    "Intuition / Logical Flow": "Imagine you have a secret decoder ring (the indicator). This decoder ring has a specific color for 'secret message' (acid) and a different color for 'top secret' (base). When you put the secret message or top secret code into the ring, it glows a different color, telling you what you're dealing with! Natural indicators are like these decoder rings for acids and bases.",
    "Critical Thinking": "If you accidentally mixed an unknown liquid with a bit of turmeric powder and it turned reddish-brown, what could you say for sure about the unknown liquid? What else would you need to test it with to be completely certain about its properties?",
    "Open-Ended MCQs": [
      {
        "question": "Which of the following natural indicators will turn reddish-brown when added to a soap solution?",
        "options": [
          "a) Litmus",
          "b) Turmeric",
          "c) China rose petal extract",
          "d) Both a and c"
        ]
      },
      {
        "question": "You have three unknown solutions. Solution A turns litmus paper red. Solution B turns turmeric solution reddish-brown. Solution C has no effect on China rose extract. Which solution is acidic?",
        "options": [
          "a) Solution A only",
          "b) Solution B only",
          "c) Solution C only",
          "d) Solutions A and C"
        ]
      },
      {
        "question": "If a substance has no effect on litmus paper, but turns China rose extract green, what can be concluded about the substance?",
        "options": [
          "a) It is acidic.",
          "b) It is basic.",
          "c) It is neutral.",
          "d) It could be acidic or neutral."
        ]
      }
    ],
    "Real-Life Applications": [
      "Testing Household Cleaners: Many household cleaning products are either acidic or basic. Natural indicators can give a general idea of their properties, helping users handle them appropriately.",
      "Gardening: Some gardeners use natural indicators to check the pH of their soil, which affects plant growth.",
      "DIY Science Experiments: Children and adults often use kitchen ingredients like turmeric and China rose petals for simple science experiments to understand acids and bases."
    ],
    "Relation Between Sub-Concepts": "The concept of natural indicators is closely linked to the broader concept of indicators. Natural indicators are a *type* of indicator. They are specifically derived from natural sources, unlike synthetic indicators (which are made in labs). The effectiveness of a natural indicator relies on its specific chemical properties that react differently with acidic and basic environments, thus demonstrating the fundamental difference between acids and bases through color change.",
    "Cross-Concept Critical Thinking": "If you observed that a particular plant extract, when tested, showed the same color changes with acids and bases as litmus paper, and then you learned that this plant extract was used to dye fabric in ancient times, how might this have indirectly helped people understand the properties of different substances in their daily lives, even without them knowing the terms 'acid' and 'base'?",
    "Exam-Oriented Questions": [
      "What are natural indicators? Give examples of three natural indicators and describe the color change observed with them in acidic and basic solutions.",
      "How does turmeric act as a natural indicator? Explain with an example.",
      "Explain the working of litmus as a natural indicator in acidic and basic substances."
    ],
    "Metrics Estimation": {
      "Estimated Avg time taken for the 1st time learners": "10 min",
      "Estimated Avg time taken for the 2nd time learners": "3 min",
      "# of revisions needed to master": "3 (interval of revisit in days: 5)"
    },
    "Importance": {
      "Importance for the rest of the chapter": "60% (Understanding indicators is crucial for further discussions on neutralization and salts in later chapters).",
      "Importance for the Olympiad": "Medium",
      "Importance for the IIT/NEET": "Low (Basic understanding of chemical properties of substances is more relevant here, but the principle of indicators is a building block).",
      "Definition getting asked in the unit test": "High"
    },
    "Which aspect is important?": "Concept and Definition are most important. Understanding how they work and their color changes is key.",
    "Should you remember this?": "Yes, because it's a fundamental concept in chemistry that helps identify the nature of substances. It's also a practical concept that's easy to test with household items.",
    "Exam Preparation, Common Mistakes, Exam Tips": {
      "Exam Preparation": "Practice identifying the color changes of different natural indicators with both acidic and basic substances. Memorize the specific color changes for each.",
      "Common Mistakes": "Confusing the color changes for different indicators (e.g., thinking turmeric turns red in acid instead of base) or mixing up which color indicates acid and which indicates base for a given indicator.",
      "Exam Tips": "When answering questions, clearly state the indicator, the type of solution (acidic/basic), and the resulting color change. Using a table can be helpful for organizing this information."
    },
    "images": [
      {
        "image_url": "https://upload.wikimedia.org/wikipedia/commons/thumb/d/d7/Trichoptera_caddisfly_1.jpg/250px-Trichoptera_caddisfly_1.jpg",
        "description": "Caddisfly (orderTrichoptera), amacroinvertebrateused as an indicator ofwater quality.[1]"
      },
      {
        "image_url": "https://upload.wikimedia.org/wikipedia/commons/thumb/d/da/Lobaria_pulmonaria_010108c.jpg/250px-Lobaria_pulmonaria_010108c.jpg",
        "description": "The lichenLobaria pulmonariais sensitive to air pollution."
      },
      {
        "image_url": "https://upload.wikimedia.org/wikipedia/commons/thumb/0/0a/Corvus-brachyrhynchos-001.jpg/250px-Corvus-brachyrhynchos-001.jpg",
        "description": "Populations ofAmerican crows(Corvus brachyrhynchos) are especially susceptible to theWest Nile Virus, and can be used as a bioindicator species for the disease's presence in an area."
      },
      {
        "image_url": "https://upload.wikimedia.org/wikipedia/commons/thumb/7/70/Gravitactism_Euglena.png/250px-Gravitactism_Euglena.png",
        "description": "Gravitactic mechanism of themicroalgaeEuglena gracilis(A) in the absence and (B) in the presence of pollutants."
      }
    ],
    "youtube": [
      {
        "youtube_url": "https://www.youtube.com/watch?v=EZ9ZEmxlmAI",
        "description": "How Lichen acts as a Natural Air Pollution Indicator ? Detail Significance of Lichen #Ytshorts #galaxyclass #airpollution ..."
      }
    ]
  },
  "Red rose extract": {
    "Concept": "Red rose extract",
    "Description": "Red rose extract is like a special 'perfume' or 'color' that we get from rose petals. It's the part of the rose that smells so nice and gives it its lovely red color. We can separate this special part from the rose petals.",
    "Key Topics from the Textbook": [
      "Obtaining extracts from flowers.",
      "Use of extracts as indicators."
    ],
    "Detail": "The red rose extract is obtained from the petals of a red rose. It contains substances that give the rose its color and fragrance. When we extract these substances, we can use them for different purposes. For instance, they can act as natural indicators, meaning they can tell us if something is an acid or a base.",
    "Working": "To get the red rose extract, you can simply boil rose petals in some water. The water will then take on the color and scent of the roses. This colored water is the extract. You can then use this extract to test different substances. For example, if you add the red rose extract to an acidic liquid, it might change color to a different shade. If you add it to a basic liquid, it might change to yet another color.",
    "Intuition / Logical Flow": "Think of it like making tea. When you put tea leaves in hot water, the water absorbs the flavor and color from the leaves. Similarly, when rose petals are in warm water, the water 'absorbs' the red color and scent from the petals, giving us the extract. This extract then acts like a special 'tester' for acids and bases.",
    "Critical Thinking": "If you wanted to make a perfume that smells like roses, what would be the most important part of the rose you would need to extract? Why?",
    "Open-Ended MCQs": [
      {
        "question": "What part of the red rose is used to get the extract?",
        "options": [
          "a) The stem",
          "b) The petals",
          "c) The leaves",
          "d) The roots"
        ]
      },
      {
        "question": "What is one of the uses of red rose extract mentioned in the context of acids and bases?",
        "options": [
          "a) To make the liquid taste sweet",
          "b) To make the liquid boil faster",
          "c) As an indicator to test for acids and bases",
          "d) To change the smell of the liquid"
        ]
      },
      {
        "question": "If you boil red rose petals in water, what do you get?",
        "options": [
          "a) Rose jam",
          "b) Rose powder",
          "c) Red rose extract",
          "d) Rose oil"
        ]
      }
    ],
    "Real-Life Applications": [
      "Natural Dyes: The color from rose extract can be used to naturally dye fabrics or even food, giving them a reddish tint.",
      "Aromatherapy: The fragrant compounds extracted from roses are used in perfumes, lotions, and essential oils for their pleasant smell and relaxing properties.",
      "Home Science Experiments: Children often use rose extract as a simple and safe indicator to learn about acids and bases in school or at home."
    ],
    "Relation Between Sub-Concepts": "The 'extracting from flowers' and 'use as indicators' are closely related. You first need to *obtain* the extract from the rose petals. Once you have the extract, you can *use* it as an indicator to test for acids and bases. One process leads directly to the application of the other.",
    "Cross-Concept Critical Thinking": "How is the use of red rose extract as an indicator similar to how litmus paper works to identify acids and bases? (Think about what both are doing with the liquid.)",
    "Exam-Oriented Questions": [
      "What is red rose extract and how can it be obtained?",
      "Explain how red rose extract can be used as an indicator in simple terms."
    ],
    "Metrics Estimation": {
      "Estimated Avg time taken for the 1st time learners": "10 min",
      "Estimated Avg time taken for the 2nd time learners": "3 min",
      "# of revisions needed to master": "3 (interval of revisit in days: 5)"
    },
    "Importance": {
      "Importance for the rest of the chapter": "20% (This concept might be an example to illustrate the broader idea of extracts and indicators.)",
      "Importance for the Olympiad": "Low",
      "Importance for the IIT/NEET": "Very very rare",
      "Definition getting asked in the unit test": "Medium"
    },
    "Which aspect is important?": "Concept/word problem. Understanding what it is and how it's used.",
    "Should you remember this?": "Yes, because it's a practical example of how natural substances can be used to understand scientific concepts like acids and bases, which is a fundamental part of chemistry.",
    "Exam Preparation, Common Mistakes, Exam Tips": {
      "Exam Preparation": "Make sure you understand *why* it's called an 'extract' and how it changes color with acids and bases.",
      "Common Mistakes": "Confusing the extract with the whole rose, or not remembering that indicators change color to show if something is an acid or a base.",
      "Exam Tips": "When answering questions, clearly state what the extract is made from and its function as an indicator."
    },
    "images": [
      {
        "image_url": "https://upload.wikimedia.org/wikipedia/commons/thumb/b/bf/Strassburg_Rose_exterior.jpg/250px-Strassburg_Rose_exterior.jpg",
        "description": "Exterior of the rose atStrasbourg Cathedral, France"
      },
      {
        "image_url": "https://upload.wikimedia.org/wikipedia/commons/thumb/9/94/Rosace_cathedrale_strasbourg.jpg/250px-Rosace_cathedrale_strasbourg.jpg",
        "description": "Interior of the rose at Strasbourg Cathedral"
      },
      {
        "image_url": "https://upload.wikimedia.org/wikipedia/commons/thumb/0/09/Strasburg_muenster_rosette_westfassade.jpg/250px-Strasburg_muenster_rosette_westfassade.jpg",
        "description": "Architectural drawing of the rose window of Strasbourg Cathedral"
      },
      {
        "image_url": "https://upload.wikimedia.org/wikipedia/commons/thumb/2/22/Santa_maria_del_fiore%2C_dettaglio_13%2C_oculo.JPG/250px-Santa_maria_del_fiore%2C_dettaglio_13%2C_oculo.JPG",
        "description": "Oculus – Florence Cathedral"
      },
      {
        "image_url": "https://upload.wikimedia.org/wikipedia/commons/thumb/9/91/Rosone_chiesa_di_San_Francesco_Antonio_Fasari_di_Lucera.jpg/250px-Rosone_chiesa_di_San_Francesco_Antonio_Fasari_di_Lucera.jpg",
        "description": "Wheel – Church of San Francesco at Lucera, Italy"
      },
      {
        "image_url": "https://upload.wikimedia.org/wikipedia/commons/thumb/9/99/Dzialoszyce_13.08.08_kosciol_sw._Trojcy_rozeta_p.jpg/250px-Dzialoszyce_13.08.08_kosciol_sw._Trojcy_rozeta_p.jpg",
        "description": "Plate – at Działoszyce, Poland"
      }
    ],
    "youtube": []
  },
  "Turmeric": {
    "Concept": "Turmeric",
    "Description": "Turmeric is a bright yellow spice that comes from a plant. It's often used in cooking to give food a yellow color and a distinct flavor. It's also known for its medicinal properties.",
    "Key Topics from the Textbook": [
      "Turmeric as a plant part used as a spice.",
      "Turmeric's use as a natural dye.",
      "Turmeric's medicinal properties."
    ],
    "Detail": "Turmeric is a rhizome, which is like an underground stem of the turmeric plant. This rhizome is dried and ground into a powder that we commonly use as a spice. It has a warm, slightly bitter taste and a strong, earthy aroma. The vibrant yellow color comes from a compound called curcumin.",
    "Working": "Turmeric works in our food by adding flavor and color. When we cook with it, the curcumin dissolves, spreading its yellow pigment throughout the dish. It also releases its aromatic compounds, contributing to the overall taste. In traditional medicine, it's believed that curcumin has anti-inflammatory and antioxidant effects.",
    "Intuition / Logical Flow": "Think of turmeric as nature's highlighter! Just like a highlighter makes text stand out, turmeric makes food stand out with its bright yellow color and unique taste. It's a simple ingredient with big effects on what we eat and how we feel.",
    "Critical Thinking": "If turmeric is such a good natural dye, what other everyday yellow objects could we potentially make by using turmeric as a coloring agent, and what challenges might we face in doing so?",
    "Open-Ended MCQs": [
      {
        "question": "What part of the turmeric plant is typically used as a spice?",
        "options": [
          "a) Leaf",
          "b) Flower",
          "c) Root (Rhizome)",
          "d) Seed"
        ],
        "Correct Answer": "c) Root (Rhizome)"
      },
      {
        "question": "The bright yellow color of turmeric is mainly due to which compound?",
        "options": [
          "a) Saffron",
          "b) Curcumin",
          "c) Paprika",
          "d) Gingerol"
        ],
        "Correct Answer": "b) Curcumin"
      },
      {
        "question": "Besides its use in cooking, what is another significant application of turmeric mentioned?",
        "options": [
          "a) As a fertilizer",
          "b) As a pest repellent",
          "c) As a natural dye and medicine",
          "d) As a sweetener"
        ],
        "Correct Answer": "c) As a natural dye and medicine"
      }
    ],
    "Real-Life Applications": [
      "Cooking: Used extensively in Indian cuisine, curries, rice dishes, and soups to add color and flavor.",
      "Dyeing: Traditionally used to dye clothes, especially by monks in some cultures.",
      "Medicine: In traditional medicine systems like Ayurveda, turmeric is used to treat various ailments."
    ],
    "Relation Between Sub-Concepts": "Turmeric's vibrant yellow color (due to curcumin) is directly responsible for its effectiveness as a natural dye. This same compound, curcumin, is also believed to be the source of its medicinal properties, such as being an antioxidant and anti-inflammatory agent. So, the color and the medicinal uses are closely linked through the chemical compound curcumin.",
    "Cross-Concept Critical Thinking": "Considering that turmeric is a plant part and has medicinal properties, how might its cultivation and availability be affected by environmental factors like rainfall and soil type, similar to how other food crops are affected? (Connects to Chapter on Agriculture/Environment)",
    "Exam-Oriented Questions": [
      "What is turmeric and what part of the plant is used? Briefly mention its uses.",
      "Explain why turmeric is considered a valuable spice and what gives it its characteristic yellow color.",
      "Discuss the dual role of turmeric, highlighting its culinary and medicinal aspects."
    ],
    "Metrics Estimation": {
      "Estimated Avg time taken for the 1st time learners": "8 min",
      "Estimated Avg time taken for the 2nd time learners": "3 min",
      "# of revisions needed to master": "2 (interval of revisit in days: 7)"
    },
    "Importance": {
      "Importance for the rest of the chapter": "15%",
      "Importance for the Olympiad": "Low",
      "Importance for the IIT/NEET": "Very very rare",
      "Definition getting asked in the unit test": "Medium"
    },
    "Which aspect is important?": "Def/concept/uses",
    "Should you remember this?": "Yes, because it's a common household item with interesting properties, and its uses as a dye and medicine are important facts to know.",
    "Exam Preparation, Common Mistakes, Exam Tips": {
      "Exam Preparation": "Focus on understanding *why* turmeric is used – its color, taste, and medicinal benefits. Try to recall the name of the compound responsible for its color.",
      "Common Mistakes": "Confusing turmeric with other spices or not being able to recall its specific uses beyond just 'cooking.'",
      "Exam Tips": "When answering questions, be specific. Instead of just saying 'it's used in cooking,' mention 'adds yellow color and flavor to dishes like curries.'"
    },
    "images": [
      {
        "image_url": "https://upload.wikimedia.org/wikipedia/commons/thumb/5/5b/Curcuma_longa_roots.jpg/250px-Curcuma_longa_roots.jpg",
        "description": "Photograph of knobby brown rhizome and orange powder"
      },
      {
        "image_url": "https://upload.wikimedia.org/wikipedia/commons/thumb/2/2e/Curcuma_longa_-_K%C3%B6hler%E2%80%93s_Medizinal-Pflanzen-199.jpg/250px-Curcuma_longa_-_K%C3%B6hler%E2%80%93s_Medizinal-Pflanzen-199.jpg",
        "description": "Botanical view ofCurcuma longa"
      },
      {
        "image_url": "https://upload.wikimedia.org/wikipedia/commons/thumb/d/dc/Naturalis_Biodiversity_Center_-_L.0939330_-_Bernecker%2C_A._-_Curcuma_domestica_Valeton_-_Artwork.jpeg/250px-Naturalis_Biodiversity_Center_-_L.0939330_-_Bernecker%2C_A._-_Curcuma_domestica_Valeton_-_Artwork.jpeg",
        "description": "Curcuma domestica Valeton, a drawing by A. Bernecker around 1860"
      },
      {
        "image_url": "https://upload.wikimedia.org/wikipedia/commons/thumb/e/eb/Turmeric_farm.jpg/250px-Turmeric_farm.jpg",
        "description": "Turmeric farm on Deccan Plateau"
      },
      {
        "image_url": "https://upload.wikimedia.org/wikipedia/commons/thumb/4/41/Turmeric_Flower_Maharashtra_India.jpg/250px-Turmeric_Flower_Maharashtra_India.jpg",
        "description": "Turmeric flower"
      },
      {
        "image_url": "https://upload.wikimedia.org/wikipedia/commons/thumb/0/09/TurmericMyanmar2.jpg/250px-TurmericMyanmar2.jpg",
        "description": "Cleaning turmeric rhizomes with boiling water"
      }
    ],
    "youtube": []
  },
  "Neutralization Reaction": {
    "Concept": "Neutralization Reaction",
    "Description": "Imagine you have something sour and something bitter. When you mix them in just the right amount, they can cancel each other out and become neither sour nor bitter. A neutralization reaction is like that, but with acids and bases. It's a chemical reaction where an acid and a base react to form salt and water, making the solution neutral.",
    "Key Topics from the Textbook": [
      "Reaction between an acid and a base",
      "Formation of salt and water"
    ],
    "Detail": "* **Acids:** Substances that taste sour and turn blue litmus red. They contain hydrogen ions (H⁺).\n* **Bases:** Substances that taste bitter and feel soapy. They turn red litmus blue. Many bases contain hydroxide ions (OH⁻).\n* **Neutralization:** The process where an acid and a base react.\n* **Salt:** A new substance formed from the reaction of an acid and a base. Salts can be acidic, basic, or neutral.\n* **Water:** Another product formed in a neutralization reaction.",
    "Working": "When an acid and a base are mixed, the hydrogen ions (H⁺) from the acid react with the hydroxide ions (OH⁻) from the base. This reaction forms water (H₂O). The remaining parts of the acid and the base combine to form a salt.\nFor example:\nHydrochloric acid (an acid) + Sodium hydroxide (a base) → Sodium chloride (a salt) + Water",
    "Intuition / Logical Flow": "Think of acids as having 'too much' of a certain 'sour' quality (represented by H⁺ ions) and bases as having 'too much' of a 'bitter' quality (represented by OH⁻ ions). When you mix them, the H⁺ and OH⁻ ions find each other and team up to form neutral water. The leftover pieces of the acid and base then join up to create a new, neutral compound called a salt. The overall result is that the 'sourness' and 'bitterness' are gone, and the solution is neutralized.",
    "Critical Thinking": "If you mix an acid with a base, but you add way too much acid and very little base, will the resulting solution be neutral? Why or why not?",
    "Open-Ended MCQs": [
      {
        "question": "Which of the following are the products formed in a neutralization reaction?",
        "options": [
          "a) Acid and Base",
          "b) Salt and Water",
          "c) Litmus and Water",
          "d) Acid and Salt"
        ]
      },
      {
        "question": "When an acid reacts with a base, what is typically formed?",
        "options": [
          "a) Only salt",
          "b) Only water",
          "c) Salt and water",
          "d) More acid"
        ]
      },
      {
        "question": "If you have a solution that is too acidic, which type of substance would you add to try and neutralize it?",
        "options": [
          "a) Another acid",
          "b) A base",
          "c) Pure water (unless it's also acidic)",
          "d) Salt"
        ]
      },
      {
        "question": "What is the main chemical process that happens when an acid and a base react?",
        "options": [
          "a) Dissociation",
          "b) Evaporation",
          "c) Neutralization",
          "d) Combustion"
        ]
      }
    ],
    "Real-Life Applications": [
      "Antacids: When you have an upset stomach due to too much acid, you take antacids, which are basic. They neutralize the excess acid in your stomach.",
      "Bee stings: Bee stings are acidic. Applying a mild base like baking soda (sodium bicarbonate) can help neutralize the sting and relieve the itching.",
      "Soil treatment: If soil becomes too acidic, farmers add lime (a base) to neutralize it, making it suitable for plant growth."
    ],
    "Relation Between Sub-Concepts": "The core of neutralization is the reaction between an **acid** and a **base**. These two components are essential inputs. The reaction itself is the process of **neutralization**, and its output is the formation of **salt** and **water**. The properties of acids and bases (like their effect on litmus) help us understand why neutralization occurs and how to identify the reactants.",
    "Cross-Concept Critical Thinking": "In Chapter 5 (Air around us), we learned about air pollution and acid rain. How can the concept of neutralization reactions be applied to mitigate the effects of acid rain on lakes and rivers?",
    "Exam-Oriented Questions": [
      "What is a neutralization reaction? Give an example.",
      "What are the two main products of a neutralization reaction?",
      "Explain with an example how a base can be used to neutralize an acid."
    ],
    "Metrics Estimation": {
      "Estimated Avg time taken for the 1st time learners": "10 min",
      "Estimated Avg time taken for the 2nd time learners": "3 min",
      "# of revisions needed to master": "3 (interval of revisit in days: 5)"
    },
    "Importance": {
      "Importance for the rest of the chapter": "50% (as it's a fundamental reaction)",
      "Importance for the Olympiad": "Medium",
      "Importance for the IIT/NEET": "Low (basic concept, more advanced chemistry in these exams)",
      "Definition getting asked in the unit test": "High"
    },
    "Which aspect is important?": "Def/concept",
    "Should you remember this?": "Yes, because it's a fundamental chemical reaction that explains how to counteract acids and bases, and it has many practical applications in everyday life.",
    "Exam Preparation, Common Mistakes, Exam Tips": {
      "Exam Preparation": "Make sure you can clearly define neutralization and remember the general equation: Acid + Base → Salt + Water. Practice identifying acids and bases from examples.",
      "Common Mistakes": "Students sometimes confuse neutralization with simple mixing or think that just mixing any acid and base will always result in a neutral solution. They might forget that the *proportions* matter, or they might not remember that *salt* is also a product.",
      "Exam Tips": "When answering questions, always state that both salt *and* water are formed. If asked for an example, use a simple, common one like hydrochloric acid and sodium hydroxide."
    },
    "images": [],
    "youtube": []
  },
  "Salt": {
    "Concept": "Salt",
    "Description": "Salt is a type of chemical compound that is formed when an acid reacts with a base. It's usually a solid at room temperature and often tastes salty. We use it in our food to add flavor and also in many other ways in our daily lives.",
    "Key Topics from the Textbook": [
      "Formation of salt from the reaction of an acid and a base.",
      "Examples of common salts.",
      "Properties of salts.",
      "Uses of salts."
    ],
    "Detail": "Salts are ionic compounds, meaning they are made up of positively charged ions (cations) and negatively charged ions (anions) held together by electrical forces. When an acid and a base react, the hydrogen ion (H⁺) from the acid combines with the hydroxide ion (OH⁻) from the base to form water (H₂O). The remaining parts of the acid and the base combine to form the salt. For example, when hydrochloric acid (HCl) reacts with sodium hydroxide (NaOH), sodium chloride (NaCl), which is common table salt, is formed along with water.",
    "Working": "The formation of a salt is a type of chemical reaction called **neutralization**.\n1.  An **acid** releases hydrogen ions (H⁺) in water.\n2.  A **base** releases hydroxide ions (OH⁻) in water.\n3.  When an acid and a base are mixed, the H⁺ ions from the acid and the OH⁻ ions from the base combine to form **water (H₂O)**.\n4.  The remaining part of the acid (the anion) and the remaining part of the base (the cation) join together to form a **salt**.\n\n*Example:*\nHydrochloric acid (HCl) + Sodium hydroxide (NaOH) → Sodium chloride (NaCl) + Water (H₂O)",
    "Intuition / Logical Flow": "Think of it like a friendship and breakup story. The acid has a 'happy' part (H⁺) that it's usually attached to. The base has a 'hug' part (OH⁻) it's usually attached to. When they meet, the happy part of the acid and the hug part of the base decide to get together and form something new and stable: water. What's left of the acid and what's left of the base then become friends and form the salt. So, acid + base → salt + water is like two pairs breaking up and forming new pairs.",
    "Critical Thinking": "If you were to accidentally mix a very strong acid with a very strong base, what would be the most important safety precaution you should take, and why?",
    "Open-Ended MCQs": [
      {
        "question": "Which of the following is *not* a typical component of a salt?",
        "options": [
          "a) A positively charged ion",
          "b) A negatively charged ion",
          "c) Water molecules",
          "d) An ionic bond"
        ]
      },
      {
        "question": "When sulfuric acid (H₂SO₄) reacts with potassium hydroxide (KOH), what type of compound will be formed along with water?",
        "options": [
          "a) An alkali",
          "b) An acid",
          "c) A salt",
          "d) A metal oxide"
        ]
      },
      {
        "question": "Common table salt has the chemical formula NaCl. What are the ions that make up sodium chloride?",
        "options": [
          "a) Na²⁺ and Cl⁻",
          "b) Na⁺ and Cl²⁻",
          "c) Na⁺ and Cl⁻",
          "d) Na²⁻ and Cl⁺"
        ]
      }
    ],
    "Real-Life Applications": [
      "Food Seasoning: Common table salt (sodium chloride) is used to enhance the taste of food.",
      "Preservation: Salt is used to preserve food, like pickles and cured meats, by preventing the growth of bacteria.",
      "De-icing Roads: Salts like sodium chloride and calcium chloride are spread on roads in winter to melt ice and snow."
    ],
    "Relation Between Sub-Concepts": "The concept of salt is directly related to the concepts of acids and bases. Salts are formed *because* of the reaction between acids and bases. The properties of a salt depend on the acid and base it was formed from.",
    "Cross-Concept Critical Thinking": "How does the concept of pH relate to the formation of salts? Can a salt solution be acidic, basic, or neutral? Explain using your knowledge of acids and bases.",
    "Exam-Oriented Questions": [
      "What is a salt? Explain the process of its formation with an example.",
      "Describe any two uses of salts in our daily life.",
      "What happens when an acid reacts with a base? Name the products formed."
    ],
    "Metrics Estimation": {
      "Estimated Avg time taken for the 1st time learners": "10 min",
      "Estimated Avg time taken for the 2nd time learners": "3 min",
      "# of revisions needed to master": "3 (interval of revisit in days: 5)"
    },
    "Importance": {
      "Importance for the rest of the chapter": "70% (as it's a central product of acid-base reactions discussed)",
      "Importance for the Olympiad": "Medium",
      "Importance for the IIT/NEET": "Medium",
      "Definition getting asked in the unit test": "High"
    },
    "Which aspect is important?": "Def/concept",
    "Should you remember this?": "Yes, because understanding what a salt is and how it's formed is fundamental to understanding acid-base chemistry and its applications.",
    "Exam Preparation, Common Mistakes, Exam Tips": {
      "Exam Preparation": "Memorize the general equation for salt formation: Acid + Base → Salt + Water. Also, remember common examples of salts and their uses.",
      "Common Mistakes": "Confusing the ions that form a salt (e.g., incorrectly stating the charges). Sometimes students forget that water is also a product of the reaction.",
      "Exam Tips": "When asked to give an example of salt formation, always write the balanced chemical equation and clearly label all reactants and products."
    },
    "images": [
      {
        "image_url": "https://upload.wikimedia.org/wikipedia/commons/thumb/7/7c/Rock_salt_%28halitite%29_%28Billianwala_Salt_Member%2C_Salt_Range_Formation%2C_Ediacaran_to_Lower_Cambrian%3B_Khewra_Salt_Mine%2C_Salt_Range%2C_Pakistan%29_14.jpg/250px-Rock_salt_%28halitite%29_%28Billianwala_Salt_Member%2C_Salt_Range_Formation%2C_Ediacaran_to_Lower_Cambrian%3B_Khewra_Salt_Mine%2C_Salt_Range%2C_Pakistan%29_14.jpg",
        "description": "Rock salt (halite)"
      },
      {
        "image_url": "https://upload.wikimedia.org/wikipedia/commons/thumb/a/ac/Salzproduktion-Halle.jpg/250px-Salzproduktion-Halle.jpg",
        "description": "Salt production inHalle, Saxony-Anhalt, 1670"
      },
      {
        "image_url": "https://upload.wikimedia.org/wikipedia/commons/thumb/5/50/Salinas_de_Maras%2C_Peru-20Sept2013.jpg/250px-Salinas_de_Maras%2C_Peru-20Sept2013.jpg",
        "description": "Ponds nearMaras, Peru, fed from a mineral spring and used for salt production sincepre-Inca times"
      },
      {
        "image_url": "https://upload.wikimedia.org/wikipedia/commons/thumb/9/9b/Single_grain_of_table_salt_%28electron_micrograph%29.jpg/250px-Single_grain_of_table_salt_%28electron_micrograph%29.jpg",
        "description": "ASEMimage of a grain of table salt"
      },
      {
        "image_url": "https://upload.wikimedia.org/wikipedia/commons/thumb/0/07/Comparison_of_Table_Salt_with_Kitchen_Salt.png/250px-Comparison_of_Table_Salt_with_Kitchen_Salt.png",
        "description": "Comparison of table salt withkitchen salt. Shows a typical salt shaker and salt bowl with salt spread before each on a black background."
      },
      {
        "image_url": "https://upload.wikimedia.org/wikipedia/commons/thumb/e/ef/2018-07-19_037_Sifto_Salt_Mine%2C_Goderich_ON_Canada.jpg/500px-2018-07-19_037_Sifto_Salt_Mine%2C_Goderich_ON_Canada.jpg",
        "description": "The Sifto Canada salt mine and processing plant at the harbor inGoderich, Ontario, Canada"
      }
    ],
    "youtube": []
  }
}