{
  "_id": {
    "$oid": "68c4184a6bfe65fa38a7b8a3"
  },
  "concept": "Apparent Motion of Celestial Bodies",
  "description": "Imagine you're in a moving car. Even though you're sitting still, the trees and houses outside seem to be moving backwards. This is like what happens with the Sun, Moon, and stars in the sky. They aren't actually moving around us in the way they appear; it's *us* (the Earth) moving that makes them look like they are. This apparent movement of celestial bodies is called their \"apparent motion.\"",
  "key_topics_from_the_textbook": [
    "Apparent motion of the Sun, Moon, and stars.",
    "The Sun's apparent daily motion.",
    "The Sun's apparent annual motion.",
    "The Moon's apparent motion.",
    "The apparent motion of stars."
  ],
  "detail": "Celestial bodies are objects in space like the Sun, Moon, planets, and stars. We observe them from Earth. The \"apparent motion\" refers to how these objects seem to move across our sky. This is not their real motion in space, but rather a consequence of Earth's own movements.\n\n* **Sun's Apparent Daily Motion:** Every day, the Sun appears to rise in the east and set in the west. This makes it look like the Sun is moving around the Earth.\n* **Sun's Apparent Annual Motion:** Over the course of a year, the Sun's position in the sky changes, and it appears to move through different constellations. This is related to Earth revolving around the Sun.\n* **Moon's Apparent Motion:** The Moon also rises and sets, and it moves across the sky. Its position relative to the stars changes each night.\n* **Stars' Apparent Motion:** Stars appear to move across the sky from east to west during the night. Some stars also seem to rotate around a fixed point in the sky (the North Star).",
  "working": "The apparent motion of celestial bodies is primarily caused by two movements of the Earth:\n\n1.  **Earth's Rotation:** The Earth spins on its axis once every 24 hours. This rotation is from west to east. Because we are on a rotating Earth, everything in the sky appears to move in the opposite direction – from east to west. This explains the daily rise and set of the Sun, Moon, and stars.\n\n2.  **Earth's Revolution:** The Earth orbits around the Sun once every year. This revolution causes the Sun to appear to move through different parts of the sky over the year. As the Earth moves in its orbit, our perspective of the Sun changes relative to the distant stars, leading to the Sun's apparent annual path.",
  "intuition_logical_flow": "Think about standing on a merry-go-round. When the merry-go-round spins, the stationary objects around you (like trees or buildings) seem to be moving backwards relative to you. The faster the merry-go-round spins, the faster these objects appear to move. Similarly, the Earth is like a giant merry-go-round spinning, making the Sun, Moon, and stars appear to move across our sky.",
  "critical_thinking": "If you were an astronaut on the Moon, how would the apparent motion of the Earth in *your* sky be different from the apparent motion of the Sun in *our* sky?",
  "open_ended_mcqs": [
    {
      "question": "The apparent daily rising and setting of the Sun is primarily caused by:",
      "options": [
        "a) The Sun revolving around the Earth.",
        "b) The Earth revolving around the Sun.",
        "c) The Earth rotating on its axis.",
        "d) The Moon revolving around the Earth."
      ],
      "correct_answer": "c) The Earth rotating on its axis."
    },
    {
      "question": "Why do different constellations become visible at different times of the year?",
      "options": [
        "a) The Moon's orbit changes.",
        "b) The stars themselves are moving closer or farther away.",
        "c) The Earth's revolution around the Sun changes our view of the distant stars.",
        "d) The Earth's rotation speed varies throughout the year."
      ],
      "correct_answer": "c) The Earth's revolution around the Sun changes our view of the distant stars."
    },
    {
      "question": "If the Earth stopped rotating but continued to revolve around the Sun, what would be the most noticeable change in the apparent motion of celestial bodies?",
      "options": [
        "a) The Sun would still rise and set every 24 hours.",
        "b) The stars would appear fixed in the sky and would not move across it at night.",
        "c) The Moon would disappear.",
        "d) The apparent annual motion of the Sun would stop."
      ],
      "correct_answer": "b) The stars would appear fixed in the sky and would not move across it at night."
    }
  ],
  "real_life_applications": [
    "Navigation: Historically, sailors used the apparent motion of stars and the Sun to determine their direction and position.",
    "Timekeeping: The daily rising and setting of the Sun led to the development of clocks and calendars based on a 24-hour day.",
    "Astronomy: Understanding apparent motion is the first step to studying the actual movements and positions of celestial objects."
  ],
  "relation_between_sub_concepts": "The apparent daily motion of the Sun, Moon, and stars are all a direct result of Earth's rotation. The apparent annual motion of the Sun is due to Earth's revolution around the Sun. So, Earth's rotation explains what we see happening in a single day, while Earth's revolution explains the changes we observe over a year.",
  "cross_concept_critical_thinking": "How would your understanding of \"apparent motion\" change if you were studying this concept on a planet like Venus, which rotates much slower and in the opposite direction to Earth? (Hint: Think about how this would affect the day-night cycle and the apparent movement of the Sun.)",
  "exam_oriented_questions": [
    "Explain why the Sun appears to rise in the east and set in the west. (Short Answer)",
    "Describe the apparent daily motion of the stars. How is this motion related to Earth's movement? (Long Answer)",
    "What is the difference between the apparent daily motion of the Sun and its apparent annual motion? (Short Answer)"
  ],
  "metrics_estimation": {
    "estimated_avg_time_taken_for_the_1st_time_learners": "10 min",
    "estimated_avg_time_taken_for_the_2nd_time_learners": "3 min",
    "number_of_revisions_needed_to_master": "3 (interval of revisit in days: 5)"
  },
  "importance": {
    "importance_for_the_rest_of_the_chapter": "70% (This concept is foundational for understanding other celestial phenomena discussed.)",
    "importance_for_the_olympiad": "Medium",
    "importance_for_the_iit_neet": "Low (Basic understanding is helpful but not a focus.)",
    "definition_getting_asked_in_the_unit_test": "Medium"
  },
  "which_aspect_is_important": "Concept.",
  "should_you_remember_this": "Yes, because it explains why celestial bodies seem to move in the sky, which is a fundamental concept in astronomy and our understanding of the universe.",
  "exam_preparation_common_mistakes_exam_tips": {
    "exam_preparation": "Draw diagrams to illustrate Earth's rotation and revolution to visually understand why celestial bodies appear to move.",
    "common_mistakes": "Confusing apparent motion with actual motion (thinking the Sun really moves around the Earth). Also, mixing up the cause of daily motion (rotation) with annual motion (revolution).",
    "exam_tips": "Always mention \"apparent\" when describing the motion of the Sun, Moon, or stars from Earth's perspective. Clearly state whether the motion is due to Earth's rotation or revolution."
  },
  "image": [
    {
      "image_url": "https://upload.wikimedia.org/wikipedia/commons/thumb/e/e0/Corpus_Christ_College_MS_283_%281%29.png/250px-Corpus_Christ_College_MS_283_%281%29.png",
      "description": "A Latin translation ofal-Khwārizmī'szīj, page fromCorpus Christi CollegeMS 283",
      "subtopic": "Astronomical tables"
    },
    {
      "image_url": "https://upload.wikimedia.org/wikipedia/commons/thumb/c/cd/AlmanachPerpetuum.jpg/250px-AlmanachPerpetuum.jpg",
      "description": "Page fromAlmanach Perpetuum",
      "subtopic": "Almanac"
    }
  ],
  "youtube": []
}