{
  "_id": {
    "$oid": "68c4184a6bfe65fa38a7b8a6"
  },
  "concept": "Solstice",
  "description": "The solstice is a special day of the year when the Sun reaches its highest or lowest point in the sky. This results in either the longest day and shortest night (summer solstice) or the shortest day and longest night (winter solstice).",
  "key_topics_from_the_textbook": [
    "Summer Solstice",
    "Winter Solstice",
    "Earth's Tilt"
  ],
  "detail": "The Earth is tilted on its axis at an angle of approximately 23.5 degrees. This tilt causes different parts of the Earth to receive varying amounts of sunlight throughout the year. A solstice occurs when this tilt is at its maximum towards or away from the Sun.\n\n* **Summer Solstice:** This happens around June 21st in the Northern Hemisphere (and December 21st in the Southern Hemisphere). On this day, the Northern Hemisphere is tilted most directly towards the Sun. This means the Sun's rays hit this hemisphere more directly, leading to longer daylight hours and shorter nights. The Sun appears highest in the sky.\n\n* **Winter Solstice:** This happens around December 21st in the Northern Hemisphere (and June 21st in the Southern Hemisphere). On this day, the Northern Hemisphere is tilted furthest away from the Sun. This means the Sun's rays hit this hemisphere at a more oblique angle, leading to shorter daylight hours and longer nights. The Sun appears lowest in the sky.",
  "working": "The Earth orbits the Sun. As it orbits, its tilted axis remains pointed in the same direction in space.\n\n1.  **Orbit and Tilt:** Imagine the Earth spinning like a tilted top as it moves around the Sun.\n2.  **Tilting Towards the Sun:** At one point in its orbit, the Northern Hemisphere is tilted directly towards the Sun. The Sun's rays are strong and direct here, causing more daylight. This is the summer solstice for the Northern Hemisphere.\n3.  **Tilting Away from the Sun:** Six months later, when the Earth is on the opposite side of the Sun, the Northern Hemisphere is tilted away from the Sun. The Sun's rays are weaker and spread out, causing less daylight. This is the winter solstice for the Northern Hemisphere.",
  "intuition_logical_flow": "Think of a flashlight shining on a ball. If you tilt the ball towards the flashlight, one side gets a concentrated beam of light (like summer). If you tilt that same side away from the flashlight, the light spreads out and is less intense (like winter). The Earth's tilt is the key; it's not how close we are to the Sun that causes seasons and solstices, but how our tilted planet faces the Sun.",
  "critical_thinking": "If the Earth's axis were not tilted, would we still have solstices? Explain why or why not.",
  "open_ended_mcqs": [
    {
      "question": "On which day does the Northern Hemisphere experience its longest day and shortest night?",
      "options": [
        "a) Winter Solstice",
        "b) Vernal Equinox",
        "c) Summer Solstice",
        "d) Autumnal Equinox"
      ]
    },
    {
      "question": "What is the primary reason for the occurrence of solstices?",
      "options": [
        "a) The Earth's distance from the Sun",
        "b) The Earth's elliptical orbit",
        "c) The tilt of the Earth's axis",
        "d) The Earth's rotation speed"
      ]
    },
    {
      "question": "If you are in the Southern Hemisphere and it is winter solstice, what is happening in the Northern Hemisphere?",
      "options": [
        "a) It is also winter solstice.",
        "b) It is summer solstice.",
        "c) It is the vernal equinox.",
        "d) It is the autumnal equinox."
      ]
    }
  ],
  "real_life_applications": [
    "Seasonal Changes: Solstices mark the turning points of the seasons, influencing our weather, clothing choices, and daily activities.",
    "Festivals and Celebrations: Many ancient and modern festivals are celebrated around the solstices (e.g., midsummer festivals, winter solstice celebrations).",
    "Agriculture: Farmers plan their planting and harvesting based on the longer days of summer and shorter days of winter."
  ],
  "relation_between_sub_concepts": "The concepts of **Summer Solstice**, **Winter Solstice**, and **Earth's Tilt** are intrinsically linked. The **Earth's Tilt** is the fundamental reason *why* solstices occur. The specific orientation of this tilt towards or away from the Sun at certain points in Earth's orbit defines whether it's a **Summer Solstice** or a **Winter Solstice** for a particular hemisphere.",
  "cross_concept_critical_thinking": "How does the concept of solstices relate to the concept of **Equinoxes** (another topic usually covered in the same chapter), and how do both explain the different durations of daylight throughout the year across the globe?",
  "exam_oriented_questions": [
    "What is a solstice? Briefly describe the difference between the summer solstice and the winter solstice.",
    "Explain how the tilt of the Earth's axis leads to the occurrence of solstices.",
    "On the day of the winter solstice in the Northern Hemisphere, what is happening in the Southern Hemisphere, and why?"
  ],
  "metrics_estimation": {
    "estimated_avg_time_taken_for_the_1st_time_learners": "10 min",
    "estimated_avg_time_taken_for_the_2nd_time_learners": "3 min",
    "number_of_revisions_needed_to_master": "3 (interval of revisit in days: 5)"
  },
  "importance": {
    "importance_for_the_rest_of_the_chapter": "70% (Crucial for understanding seasons and day/night variations)",
    "importance_for_the_olympiad": "Medium (Concepts of Earth's movement and tilt are often tested)",
    "importance_for_the_iit_neet": "Low (Basic understanding is assumed, but detailed physics comes later)",
    "definition_getting_asked_in_the_unit_test": "High"
  },
  "which_aspect_is_important": "Def/Concept",
  "should_you_remember_this": "Yes, because it's a fundamental concept that explains why we have the longest and shortest days of the year, directly impacting seasons and daily life.",
  "exam_preparation_common_mistakes_exam_tips": {
    "exam_preparation": "Draw a diagram showing the Earth tilted towards and away from the Sun to visualize how solstices work.",
    "common_mistakes": "Confusing the solstice dates for the Northern and Southern Hemispheres, or thinking solstices are caused by Earth's distance from the Sun rather than its tilt.",
    "exam_tips": "When explaining, always mention the *tilt of the Earth's axis* as the primary cause."
  },
  "image": [
    {
      "image_url": "https://upload.wikimedia.org/wikipedia/commons/thumb/f/f0/Seasons1.svg/250px-Seasons1.svg.png",
      "description": "Theseasons(with the transition points of theJune solstice,September equinox,December solstice, andMarch equinox) andEarth's orbitcharacteristics.",
      "subtopic": "June solstice or December solstice or Sol"
    },
    {
      "image_url": "https://upload.wikimedia.org/wikipedia/commons/thumb/0/08/Subsolar_point_date_graph.svg/500px-Subsolar_point_date_graph.svg.png",
      "description": "Approximatesubsolar pointdates vs. latitude superimposed on a world map,the example in bluedenotingLahaina NooninHonolulu.",
      "subtopic": "Subsolar point"
    },
    {
      "image_url": "https://upload.wikimedia.org/wikipedia/commons/thumb/a/a3/Seasonearth.png/120px-Seasonearth.png",
      "description": "Orientation of the terminator (division between night and day) depends on the season.",
      "subtopic": "Seasonal Variation"
    },
    {
      "image_url": "https://upload.wikimedia.org/wikipedia/commons/thumb/c/c8/Earth-lighting-summer-solstice_EN.png/120px-Earth-lighting-summer-solstice_EN.png",
      "description": "Illumination of Earth by Sun on 21 June. The orientation of the terminator shown with respect to the Earth's orbital plane.",
      "subtopic": "Summer Solstice"
    },
    {
      "image_url": "https://upload.wikimedia.org/wikipedia/commons/thumb/4/4d/Earth-lighting-winter-solstice_EN.png/120px-Earth-lighting-winter-solstice_EN.png",
      "description": "Illumination of Earth by Sun on 21 December. The orientation of the terminator shown with respect to the Earth's orbital plane.",
      "subtopic": "Winter Solstice"
    },
    {
      "image_url": "https://upload.wikimedia.org/wikipedia/commons/thumb/8/8b/North_season.jpg/120px-North_season.jpg",
      "description": "Diagram of the Earth's seasons as seen from the north. Far right: southern solstice",
      "subtopic": "Southern Solstice"
    }
  ],
  "youtube": [
    {
      "video_url": "https://www.youtube.com/watch?v=PfXt-bsy7rQ",
      "video_title": "7TH STD GEOGRAPHY CHP 8 HOW SEASONS OCCUR - PART 2 (VIDEO 3)| Solstice days | Season cycle, animals",
      "video_description": "In this 7th std Geography lesson, Chp. 8 How seasons occur - Part 2 (video 3) you will learn about: Solstice days The cycle of ..."
    },
    {
      "video_url": "https://www.youtube.com/watch?v=WhxPVb7I7Cs",
      "video_title": "Seasons of the year | What Causes Seasons  | Seasons on Earth | How Seasons change on Earth",
      "video_description": "In this video, we explore, What causes the seasons of the year, - spring, summer, autumn, and winter. With the help of an ..."
    }
  ]
}