{
  "_id": {
    "$oid": "68c4164f6bfe65fa38a7b893"
  },
  "concepts": [
    {
      "Concept": "Adolescence",
      "Description": "Adolescence is the period of life between childhood and adulthood. It's a time of big changes in your body, mind, and feelings as you grow from a child into a young person.",
      "Key Topics from the Textbook": [
        "Adolescence: The period from 10/11 years to 18/19 years.",
        "Changes during adolescence:",
        "Height growth",
        "Voice change (boys)",
        "Development of sex organs",
        "Appearance of hair in new areas",
        "Growth of breasts (girls)",
        "Onset of menstruation (girls)"
      ],
      "Detail": "Adolescence is a crucial stage of human development. It's when your body starts to change rapidly, preparing you for adulthood. These changes are guided by hormones, which are chemical messengers. You might notice you grow taller very quickly, your voice might deepen (especially for boys), and new body hair starts to appear. For girls, breasts begin to develop, and they start menstruating, which is a sign that their reproductive system is maturing. Boys also experience changes in their sex organs. These are all natural and expected parts of growing up.",
      "Working": "The process of adolescence is driven by hormones. These hormones are produced by glands in your body. During adolescence, these glands become more active.\n1.  **Hormone Release:** Glands like the pituitary gland signal other glands (like testes in boys and ovaries in girls) to produce sex hormones.\n2.  **Physical Changes:** These sex hormones trigger the physical changes associated with puberty and adolescence. This includes:\n    * Increased growth rate leading to a spurt in height.\n    * Development of secondary sexual characteristics (like breast development in girls, voice deepening and facial hair in boys).\n    * Maturation of reproductive organs.",
      "Intuition / Logical Flow": "Think of your body like a construction site. Childhood is when the basic structure is built. Adolescence is the phase where the building is being finished and decorated to become ready for its final purpose. The \"builders\" (hormones) are working hard to add new features and strengthen the structure, making it capable of adult functions.",
      "Critical Thinking": "If a person starts experiencing some of the physical changes of adolescence much earlier than the typical age, what could be some potential challenges they might face, and how might their understanding of their own body and emotions be affected?",
      "Open-Ended MCQs": [
        "1.  Adolescence is primarily characterized by:\n    a) Slow and steady physical growth\n    b) Significant physical, mental, and emotional changes\n    c) A decrease in brain development\n    d) The end of all learning processes",
        "2.  Which of the following is a common change experienced by boys during adolescence?\n    a) Growth of breasts\n    b) Onset of menstruation\n    c) Deepening of voice\n    d) Development of secondary sexual characteristics in females",
        "3.  Hormones play a crucial role in adolescence by:\n    a) Slowing down physical growth\n    b) Causing emotional instability without reason\n    c) Triggering the physical and developmental changes\n    d) Stopping the development of reproductive organs",
        "4.  The period of adolescence typically spans from which age range?\n    a) 0-5 years\n    b) 5-10 years\n    c) 10/11 years to 18/19 years\n    d) 18/19 years onwards"
      ],
      "Real-Life Applications": [
        "1.  **Understanding Your Body:** When you notice changes in your body like sudden growth or new hair, understanding that this is part of adolescence helps you accept and manage these changes without worry.",
        "2.  **Doctor's Visits:** Doctors often check growth and development during adolescence to ensure everything is progressing normally, using their knowledge of these typical changes.",
        "3.  **Parental Guidance:** Parents and guardians use their understanding of adolescence to support their children through this phase, offering advice and understanding."
      ],
      "Relation Between Sub-Concepts": "The key topics under \"Adolescence\" are all interconnected. The *period* of adolescence is defined by the *changes* that occur. The *changes* (height growth, voice change, organ development, etc.) are all directly triggered and managed by the hormonal activity and maturation of the reproductive system, which are the underlying *processes* at work during this stage.",
      "Cross-Concept Critical Thinking": "How might the increased emotional sensitivity and self-consciousness that can occur during adolescence (a concept from this chapter) be influenced by the social pressures and peer interactions, as discussed in a chapter on \"Social Environments\" or \"Interactions\"?",
      "Exam-Oriented Questions": [
        "1.  What is adolescence? Describe any three changes that occur in boys and three changes in girls during this period.",
        "2.  Explain the role of hormones in bringing about changes during adolescence.",
        "3.  Define adolescence and list the typical age range for this stage of life."
      ],
      "Metrics Estimation": {
        "Estimated Avg time taken for the 1st time learners": "10 min",
        "Estimated Avg time taken for the 2nd time learners": "3 min",
        "# of revisions needed to master": "3 (interval of revisit in days: 5)"
      },
      "Importance": {
        "Importance for the rest of the chapter": "80%",
        "Importance for the Olympiad": "Medium",
        "Importance for the IIT/NEET": "Low",
        "Definition getting asked in the unit test": "High"
      },
      "Which aspect is important?": "Def/concept",
      "Should you remember this?": "Yes, because understanding adolescence is fundamental to understanding human growth and development, and it directly relates to the concepts of puberty, reproduction, and health.",
      "Exam Preparation, Common Mistakes, Exam Tips": {
        "Exam Preparation": "Make a table listing the changes for boys and girls separately, with a brief explanation for each. Also, understand the role of hormones.",
        "Common Mistakes": "Confusing the specific changes that occur in boys versus girls, or not understanding that adolescence is a continuous process of change, not just a single event.",
        "Exam Tips": "When answering questions about changes, be specific and mention whether the change is primarily for boys, girls, or both. Use clear and simple language."
      },
      "image": [
        {
          "image_url": "https://upload.wikimedia.org/wikipedia/commons/thumb/c/c6/Teens_sharing_a_song.jpg/250px-Teens_sharing_a_song.jpg",
          "description": "Two adolescents listening to music using earphones"
        },
        {
          "image_url": "https://upload.wikimedia.org/wikipedia/commons/thumb/9/93/Cubes_teenager.jpg/250px-Cubes_teenager.jpg",
          "description": "Upper body of a teenage boy. The structure has changed to resemble anadultform."
        },
        {
          "image_url": "https://upload.wikimedia.org/wikipedia/commons/thumb/9/9e/Child_development_stages.svg/960px-Child_development_stages.svg.png",
          "description": "Approximate outline of development periods inchildhoodand early adulthood development. Adolescence is marked in red at top right."
        },
        {
          "image_url": "https://upload.wikimedia.org/wikipedia/commons/thumb/b/b4/G._Stanley_Hall.jpg/250px-G._Stanley_Hall.jpg",
          "description": "G. Stanley Hall"
        },
        {
          "image_url": "https://upload.wikimedia.org/wikipedia/commons/thumb/4/4c/James_Collinson_-_The_Sisters.jpg/250px-James_Collinson_-_The_Sisters.jpg",
          "description": "The Sisters, by James Collinson"
        },
        {
          "image_url": "https://upload.wikimedia.org/wikipedia/commons/thumb/f/f9/Tides_Class_Stallings-1_%289719204532%29.jpg/250px-Tides_Class_Stallings-1_%289719204532%29.jpg",
          "description": "Top:Students of a U.S. university do an outdoor class, where they discuss topics while walking.Bottom:Students study in a U.S. university library, using books and laptops."
        }
      ],
      "youtube": [
        {
          "youtube_url": "https://www.youtube.com/watch?v=24AvS06QKS8",
          "video_title": "Growing with Age | Adolescence:A Stage of Growth and Change | Grade 7 | Biology | Khan Academy",
          "video_description": "Description: (100-200 characters) Voice cracks? Growth spurts? Pimples? Yup — you're growing with age! In this video, we break ..."
        },
        {
          "youtube_url": "https://www.youtube.com/watch?v=GPdIpIXVPdw",
          "video_title": "Adolescence Stage Of Growth And Change | Chapter 6 NCERT Solutions | Class 7 Science Curiosity",
          "video_description": "Class: 7th Subject: Science (Curiosity) Chapter: Changes Around Us- Adolescence Stage Of Growth And Change (Chapter 6) ..."
        }
      ]
    },
    {
      "Concept": "Puberty",
      "Description": "Puberty is the exciting time when a boy's or girl's body changes from being a child's body to an adult's body. These changes happen because of special chemicals called hormones. It's like a transition period where you start to grow and develop into a teenager.",
      "Key Topics from the Textbook": [
        "Changes in boys during puberty",
        "Changes in girls during puberty",
        "Hormones and their role in puberty",
        "Reproductive organs and their development",
        "Onset of menstruation"
      ],
      "Detail": "Puberty is a natural process that occurs during adolescence. It is a period of rapid growth and development, leading to sexual maturity. This is when your body begins to produce sex hormones, which are responsible for the significant physical changes you experience. These changes prepare your body for reproduction.",
      "Working": "1.  **Brain Signal:** The brain releases signals that tell the body to start puberty.\n2.  **Hormone Production:** The body then starts producing special chemicals called hormones, mainly in the reproductive organs (testes in boys and ovaries in girls).\n3.  **Physical Changes:** These hormones cause many physical changes, like growing taller, developing secondary sexual characteristics (like voice change in boys, breast development in girls), and the maturation of reproductive organs.\n4.  **Sexual Maturity:** Eventually, these changes lead to the ability to reproduce.",
      "Intuition / Logical Flow": "Think of puberty like a caterpillar transforming into a butterfly. The caterpillar (child) has its own way of living, but then it goes through a process of change (pupa stage) to become a beautiful butterfly (adult). Similarly, you are a child, and puberty is the process that helps you grow and change into an adult, capable of having children of your own.",
      "Critical Thinking": "If you could design a \"puberty guide\" for a younger sibling, what would be the most important piece of advice you would give them about handling the emotional changes that often come with puberty?",
      "Open-Ended MCQs": [
        "1.  Which of the following is the primary reason for the physical changes that occur during puberty?\n    a) Increased calorie intake\n    b) Production of sex hormones\n    c) Exposure to sunlight\n    d) Regular exercise",
        "2.  During puberty, boys typically experience:\n    a) Breast development and onset of menstruation\n    b) Deepening of the voice and growth of facial hair\n    c) Increased height and widening of hips\n    d) Development of a wider pelvis",
        "3.  The onset of menstruation in girls is a significant sign of:\n    a) Childhood\n    b) Puberty and sexual maturity\n    c) Old age\n    d) Brain development",
        "4.  What is the main role of hormones like testosterone and estrogen during puberty?\n    a) To increase appetite\n    b) To regulate body temperature\n    c) To trigger the development of secondary sexual characteristics\n    d) To strengthen bones"
      ],
      "Real-Life Applications": [
        "1.  **Understanding Physical Changes:** Recognizing puberty helps understand the normal physical changes happening in oneself and peers, reducing confusion and anxiety.",
        "2.  **Health and Hygiene:** Understanding the changes, like increased sweat production or the onset of menstruation, prompts better hygiene practices.",
        "3.  **Family Conversations:** It facilitates open discussions between parents and children about growing up and the changes that come with it."
      ],
      "Relation Between Sub-Concepts": "The \"hormones and their role\" is the central pillar. These hormones are the \"working\" mechanism that drives the \"changes in boys,\" \"changes in girls,\" \"reproductive organs and their development,\" and ultimately leads to the \"onset of menstruation\" (in girls) and the ability to produce sperm (in boys), signifying sexual maturity.",
      "Cross-Concept Critical Thinking": "How might the understanding of puberty and the hormonal changes involved be relevant to studying the concept of \"The Human Body\" or even \"Genetics\" when discussing inherited traits that manifest during adolescence?",
      "Exam-Oriented Questions": [
        "1.  Describe the significant physical changes that occur in boys during puberty.",
        "2.  Explain the role of hormones in bringing about the changes observed during puberty in both boys and girls.",
        "3.  What is menstruation, and at what stage of human development does it typically begin?"
      ],
      "Exam Preparation, Common Mistakes, Exam Tips": {
        "Exam Preparation": "Focus on understanding the specific changes that happen to boys and girls separately, and the role of hormones. Make notes and draw diagrams to visualize the changes.",
        "Common Mistakes": "Confusing the specific changes in boys with those in girls, or not clearly explaining the role of hormones. Sometimes students might not list all the key changes mentioned in the textbook.",
        "Exam Tips": "Use clear and simple language to describe the changes. Ensure you mention at least 2-3 key changes for both boys and girls."
      },
      "Metrics Estimation": {
        "Estimated Avg time taken for the 1st time learners": "10 min",
        "Estimated Avg time taken for the 2nd time learners": "3 min",
        "# of revisions needed to master": "3 (interval of revisit in days: 5)"
      },
      "Importance": {
        "Importance for the rest of the chapter": "40%",
        "Importance for the Olympiad": "Medium",
        "Importance for the IIT/NEET": "Low",
        "Definition getting asked in the unit test": "Medium"
      },
      "Which aspect is important?": "Concept (understanding the process and changes) and Definition (what puberty is).",
      "Should you remember this?": "Yes, because it's a fundamental biological process that explains the transition from childhood to adulthood, and understanding it is crucial for personal awareness and health.",
      "image": [
        {
          "image_url": "https://upload.wikimedia.org/wikipedia/commons/thumb/9/9e/Child_development_stages.svg/1200px-Child_development_stages.svg.png",
          "description": "Approximate outline of development periods fromchildhoodto early adulthood. Puberty is marked in green at right."
        },
        {
          "image_url": "https://upload.wikimedia.org/wikipedia/commons/thumb/2/29/Male_genitalia_five_Tanner_stages.png/500px-Male_genitalia_five_Tanner_stages.png",
          "description": "Five Tanner stages of male genitalia;The Adolescent Period"
        },
        {
          "image_url": "https://upload.wikimedia.org/wikipedia/commons/thumb/6/6a/Adolescent_Period_Average_boy_10_to_17_yo.jpg/500px-Adolescent_Period_Average_boy_10_to_17_yo.jpg",
          "description": "Development of a male from childhood to the end of puberty"
        },
        {
          "image_url": "https://upload.wikimedia.org/wikipedia/commons/thumb/7/70/Stubbly_face.jpg/250px-Stubbly_face.jpg",
          "description": "Facial hairof a male"
        },
        {
          "image_url": "https://upload.wikimedia.org/wikipedia/commons/thumb/c/c5/Female_breasts_five_Tanner_stages.jpg/250px-Female_breasts_five_Tanner_stages.jpg",
          "description": "Tanner stagesof puberty in females"
        },
        {
          "image_url": "https://upload.wikimedia.org/wikipedia/commons/thumb/6/6e/Adolescent_Period_Average_girl_4_to_16_yo.jpg/500px-Adolescent_Period_Average_girl_4_to_16_yo.jpg",
          "description": "Development of a female from childhood to the end of puberty"
        }
      ],
      "youtube": [
        {
          "youtube_url": "https://www.youtube.com/watch?v=24AvS06QKS8",
          "video_title": "Growing with Age | Adolescence:A Stage of Growth and Change | Grade 7 | Biology | Khan Academy",
          "video_description": "Description: (100-200 characters) Voice cracks? Growth spurts? Pimples? Yup — you're growing with age! In this video, we break ..."
        }
      ]
    },
    {
      "Concept": "Secondary Sexual Characteristics",
      "Description": "Secondary sexual characteristics are the outward signs that show us if a person is a boy or a girl, which become noticeable as they grow up and go through puberty. They are different from the reproductive organs themselves.",
      "Key Topics from the Textbook": [
        "Changes during puberty.",
        "Development of breasts in girls.",
        "Development of facial hair (beard and moustache) in boys.",
        "Broadening of shoulders in boys.",
        "Widening of hips in girls.",
        "Voice change in boys.",
        "Growth of pubic hair and underarm hair in both boys and girls."
      ],
      "Detail": "As humans grow from childhood to adulthood, they undergo a period of significant changes called puberty. During puberty, the body starts to develop in ways that help in reproduction. While the primary sexual characteristics are the reproductive organs themselves (like testes in boys and ovaries in girls), the secondary sexual characteristics are the visible and noticeable changes that appear. These changes help distinguish between males and females beyond just their reproductive parts.",
      "Working": "During puberty, special hormones are released in the body. In boys, the hormone testosterone plays a major role, and in girls, estrogen and progesterone are key. These hormones trigger the development of secondary sexual characteristics. For example:\n* **In boys:** Testosterone causes the voice box to enlarge, leading to a deeper voice, stimulates the growth of facial and body hair, and causes the shoulders to broaden.\n* **In girls:** Estrogen and progesterone stimulate the development of breasts, cause the hips to widen, and contribute to the growth of pubic and underarm hair.",
      "Intuition / Logical Flow": "Think of puberty as your body getting \"ready\" for adulthood. Primary sexual characteristics are the tools for making babies. Secondary sexual characteristics are like the \"uniforms\" or \"decorations\" that appear to announce that you are becoming a mature male or female. They are the visible signals that your reproductive system is developing.",
      "Critical Thinking": "If a person develops secondary sexual characteristics that are typically associated with the opposite sex, what are some possible reasons for this, and how might it affect them emotionally or socially?",
      "Open-Ended MCQs": [
        "1.  Which of the following is a secondary sexual characteristic?\n    a) Ovaries\n    b) Testes\n    c) Deepening of the voice in boys\n    d) Uterus\n    **Correct Answer:** c) Deepening of the voice in boys",
        "2.  The development of breasts in girls is primarily triggered by which type of hormone?\n    a) Testosterone\n    b) Insulin\n    c) Estrogen\n    d) Adrenaline\n    **Correct Answer:** c) Estrogen",
        "3.  Which of the following changes occurs in both boys and girls during puberty as a secondary sexual characteristic?\n    a) Growth of a beard\n    b) Widening of hips\n    c) Growth of pubic hair\n    d) Broadening of shoulders\n    **Correct Answer:** c) Growth of pubic hair"
      ],
      "Real-Life Applications": [
        "1.  **Identifying Puberty:** Doctors and parents use the appearance of secondary sexual characteristics to confirm that a child is entering puberty.",
        "2.  **Understanding Differences:** These characteristics help us understand the visible physical differences between adult males and females.",
        "3.  **Social Awareness:** Observing these changes helps individuals understand their own development and the development of others as they transition through adolescence."
      ],
      "Relation Between Sub-Concepts": "The key components of secondary sexual characteristics are the various visible changes like hair growth, voice deepening, and body shape alterations. These changes are all directly related because they are all triggered by the same underlying biological process: the increased production of sex hormones (testosterone, estrogen, progesterone) during puberty, which act on different parts of the body to bring about these specific developments.",
      "Cross-Concept Critical Thinking": "How might the understanding of secondary sexual characteristics, which are influenced by hormones, relate to the concept of the endocrine system and its role in regulating body functions, as discussed in other biology chapters?",
      "Exam-Oriented Questions": [
        "1.  Define secondary sexual characteristics and list any three examples in boys and three examples in girls.",
        "2.  Explain how puberty leads to the development of secondary sexual characteristics in humans.",
        "3.  Differentiate between primary and secondary sexual characteristics with examples."
      ],
      "Metrics Estimation": {
        "Estimated Avg time taken for the 1st time learners": "10 min",
        "Estimated Avg time taken for the 2nd time learners": "3 min",
        "# of revisions needed to master": "3 (interval of revisit in days: 5)"
      },
      "Importance": {
        "Importance for the rest of the chapter": "High (This concept is central to understanding human reproduction and growth.)",
        "Importance for the Olympiad": "Medium",
        "Importance for the IIT/NEET": "Medium (Basic understanding is foundational for more advanced topics.)",
        "Definition getting asked in the unit test": "High"
      },
      "Which aspect is important?": "Definition and examples of secondary sexual characteristics.",
      "Should you remember this?": "Yes, because it helps you understand the physical changes during adolescence and the biological differences between males and females, which is fundamental to human biology.",
      "Exam Preparation, Common Mistakes, Exam Tips": {
        "Exam Preparation": "Create a table listing secondary sexual characteristics for boys and girls to easily recall and differentiate them.",
        "Common Mistakes": "Confusing primary sexual characteristics (reproductive organs) with secondary sexual characteristics.",
        "Exam Tips": "When answering questions, clearly state whether the characteristic applies to boys, girls, or both, and briefly mention the underlying cause (hormones) if possible."
      },
      "image": [],
      "youtube": []
    },
    {
      "Concept": "Menstrual cycle",
      "Description": "The menstrual cycle is a monthly series of changes a woman's body goes through in preparation for the possibility of pregnancy. Each month, one of the ovaries releases an egg, a process called ovulation. At the same time, hormonal changes prepare the uterus for pregnancy. If ovulation takes place and the egg isn't fertilized, the lining of the uterus sheds, and this is when menstruation (a period) happens.",
      "Key Topics from the Textbook": [
        "Monthly changes in a woman's body.",
        "Preparation for pregnancy.",
        "Release of an egg from the ovary (ovulation).",
        "Hormonal changes preparing the uterus.",
        "Shedding of the uterine lining (menstruation/period)."
      ],
      "Detail": "The menstrual cycle is a natural process in females of reproductive age. It's controlled by hormones produced by the brain and ovaries. The cycle involves the preparation of the uterus to receive a fertilized egg. If fertilization doesn't occur, the uterus lining is shed, resulting in bleeding. This entire process typically repeats every month.",
      "Working": "1.  **Follicle Development:** In the ovary, an egg starts to mature within a follicle.\n2.  **Ovulation:** Around the middle of the cycle, the mature egg is released from the ovary and moves into the fallopian tube.\n3.  **Uterine Lining Thickening:** Hormones cause the lining of the uterus to thicken, becoming rich in blood vessels to support a potential pregnancy.\n4.  **Fertilization (or not):** If a sperm fertilizes the egg, it travels to the uterus and implants in the thickened lining. If no fertilization occurs within about 24 hours, the egg begins to break down.\n5.  **Menstruation:** Without fertilization, hormone levels drop, causing the thickened uterine lining to break down and shed. This shedding results in bleeding that passes out of the body through the vagina. This is called menstruation or a period. The cycle then begins again.",
      "Intuition / Logical Flow": "Think of it like a plant preparing for a seed. The ovary is like the plant preparing its best seed (egg). The uterus is like the soil, getting ready, becoming soft and fertile to welcome the seed. If the seed doesn't arrive, the soil doesn't need to be ready anymore, so it gets cleared out (menstruation) to be prepared again for the next possible seed.",
      "Critical Thinking": "If a person's menstrual cycle is irregular, how might this affect their body's ability to prepare for pregnancy, and what could be some reasons for this irregularity?",
      "Open-Ended MCQs": [
        "1.  What is the primary event that occurs around the middle of the menstrual cycle?\n    a) The uterus lining sheds.\n    b) An egg is released from the ovary.\n    c) The body prepares for a potential pregnancy by building a thick uterine lining.\n    d) Bleeding begins from the vagina.\n    **Correct Answer: b)**",
        "2.  If an egg is *not* fertilized by sperm during the menstrual cycle, what is the most likely next event?\n    a) The uterine lining continues to thicken indefinitely.\n    b) The ovary releases another egg immediately.\n    c) The thickened uterine lining breaks down and is shed.\n    d) The body enters a state of permanent pregnancy.\n    **Correct Answer: c)**",
        "3.  Which of the following is the main purpose of the menstrual cycle in biological terms?\n    a) To cause pain and discomfort.\n    b) To prepare the female body for the possibility of pregnancy and reproduction.\n    c) To eliminate waste products from the body.\n    d) To signal the end of reproductive years.\n    **Correct Answer: b)**"
      ],
      "Real-Life Applications": [
        "1.  **Family Planning:** Understanding the menstrual cycle helps individuals track fertile periods for either trying to conceive or avoiding pregnancy.",
        "2.  **Health Monitoring:** Changes in the menstrual cycle (like very heavy or absent periods) can be an indicator of underlying health issues, prompting a visit to a doctor.",
        "3.  **Hygiene and Comfort:** Awareness of menstruation allows for appropriate hygiene practices and the use of sanitary products for comfort and cleanliness."
      ],
      "Relation Between Sub-Concepts": "The thickening of the uterine lining is directly related to the preparation for pregnancy. If pregnancy *doesn't* happen (i.e., no fertilization after ovulation), the hormonal signals change, leading to the shedding of that thickened lining, which is menstruation. So, preparation and shedding are two sides of the same coin within the cycle.",
      "Cross-Concept Critical Thinking": "How do the hormonal changes that regulate the menstrual cycle in humans compare to the hormonal signals that might control reproduction in other animals, like fish or birds? (Links to Biology/Animal Physiology)",
      "Exam-Oriented Questions": [
        "1.  Describe the main stages of the menstrual cycle in a woman's body.",
        "2.  What happens during menstruation, and why does it occur?",
        "3.  Explain the role of the uterus and ovaries in the menstrual cycle."
      ],
      "Metrics Estimation": {
        "Estimated Avg time taken for the 1st time learners": "10 min",
        "Estimated Avg time taken for the 2nd time learners": "3 min",
        "# of revisions needed to master": "3 (interval of revisit in days: 5)"
      },
      "Importance": {
        "Importance for the rest of the chapter": "50% (as it's a fundamental process in reproduction and human body)",
        "Importance for the Olympiad": "Medium",
        "Importance for the IIT/NEET": "High (fundamental concept for further biology studies)",
        "Definition getting asked in the unit test": "High"
      },
      "Which aspect is important?": "Concept / Definition",
      "Should you remember this?": "Yes, understanding the menstrual cycle is crucial for comprehending human reproduction, reproductive health, and how the female body functions during the reproductive years.",
      "Exam Preparation, Common Mistakes, Exam Tips": {
        "Exam Preparation": "Draw a simple diagram of the cycle, labeling key events like ovulation and menstruation. This visual aid can help in explaining the process.",
        "Common Mistakes": "Confusing ovulation with menstruation, or not clearly understanding the link between the thickening of the uterine lining and the subsequent shedding.",
        "Exam Tips": "When answering, clearly state what happens in each phase and why it's important. Use clear and simple language, as expected for a 7th-grade level."
      },
      "image": [
        {
          "image_url": "https://upload.wikimedia.org/wikipedia/commons/thumb/9/92/Menstrual_cycle.svg/500px-Menstrual_cycle.svg.png",
          "description": "Menstrual cycle"
        },
        {
          "image_url": "https://upload.wikimedia.org/wikipedia/commons/thumb/f/f3/Figure_28_02_07.jpg/380px-Figure_28_02_07.jpg",
          "description": "Progression of the menstrual cycle and some of the hormones contributing to it"
        },
        {
          "image_url": "https://upload.wikimedia.org/wikipedia/commons/thumb/3/39/Ovulation.jpg/250px-Ovulation.jpg",
          "description": "An ovary about to release an egg"
        },
        {
          "image_url": "https://upload.wikimedia.org/wikipedia/commons/thumb/7/72/Illu_cervix.svg/500px-Illu_cervix.svg.png",
          "description": "The anatomy of the uterus"
        },
        {
          "image_url": "https://upload.wikimedia.org/wikipedia/commons/thumb/c/ca/Human_ovarian_follicle.jpg/250px-Human_ovarian_follicle.jpg",
          "description": "A human primaryovarian follicleviewed bymicroscopy. The roundoocytestained red in the center is surrounded by a layer ofgranulosa cells, which are enveloped by the basement membrane andtheca cells. The magnification is around 1000 times. (H&E stain)"
        }
      ],
      "youtube": [
        {
          "youtube_url": "https://www.youtube.com/watch?v=zcvo9VLVHWc",
          "video_title": "Menstrual Cycle Basics | 3D animation (1/2)",
          "video_description": "This 3D animation shows you the basics of the menstrual cycle. The menstrual cycle begins with menstruation. Once the bleeding ..."
        },
        {
          "youtube_url": "https://www.youtube.com/watch?v=h36poEtEbi4",
          "video_title": "Menstrual Cycle Walkthrough: Phases & Hormonal Regulation",
          "video_description": "In this menstrual cycle video, explore the ovarian cycle and uterine cycle with the Amoeba Sisters! This video will walk through ..."
        }
      ]
    },
    {
      "Concept": "Hormones",
      "Description": "Hormones are like special chemical messengers produced by your body. They travel through your blood to different parts of your body and tell them what to do. Think of them as tiny instructions that help different organs work together and keep your body functioning properly.",
      "Key Topics from the Textbook": [
        "Hormones as chemical messengers.",
        "Endocrine glands produce hormones.",
        "Hormones travel through the bloodstream.",
        "Hormones affect specific target organs.",
        "Examples: Insulin (blood sugar regulation), Adrenaline (fight or flight response)."
      ],
      "Detail": "Hormones are made by special organs called **endocrine glands**. These glands don't have ducts (tubes) to release their secretions; instead, they release hormones directly into the bloodstream. Once in the blood, hormones are carried all over the body. However, they only affect specific organs or tissues called **target organs** which have special \"receivers\" that fit the hormone.",
      "Working": "1.  An endocrine gland receives a signal (either from the nervous system or another hormone).\n2.  The gland produces and releases a specific hormone into the bloodstream.\n3.  The hormone travels through the blood to reach various parts of the body.\n4.  When the hormone reaches its target organ, it \"fits\" into special receptors on the cells of that organ.\n5.  This binding triggers a specific action or change in the target organ's function, like telling it to grow, change its activity, or release something else.",
      "Intuition / Logical Flow": "Imagine your body is a big factory. Endocrine glands are like the managers who send out important memos (hormones) to different departments (target organs). These memos tell the departments what to do, how fast to work, or when to prepare for something. The bloodstream is like the internal mail system that delivers these memos quickly.",
      "Critical Thinking": "If a person's body suddenly stopped producing adrenaline, how might their reaction to a sudden, surprising event (like a loud noise) be different from someone who does produce it?",
      "Open-Ended MCQs": [
        "1.  Which of the following best describes the role of hormones in the body?\n    a) They are part of the nervous system.\n    b) They are structural components of cells.\n    c) They act as chemical messengers.\n    d) They help in digestion of food.\n    **Correct Answer: c)**",
        "2.  Hormones are released directly into the:\n    a) Digestive system\n    b) Bloodstream\n    c) Respiratory system\n    d) Excretory system\n    **Correct Answer: b)**",
        "3.  What happens when a hormone reaches its target organ?\n    a) It immediately becomes waste.\n    b) It binds to receptors and triggers an action.\n    c) It stops working completely.\n    d) It is stored for later use indefinitely.\n    **Correct Answer: b)**"
      ],
      "Real-Life Applications": [
        "1.  **Insulin:** If your body doesn't make enough insulin, your blood sugar can get too high, leading to diabetes. Doctors give insulin injections to help manage blood sugar levels.",
        "2.  **Growth Hormones:** These hormones tell your bones and tissues when to grow, helping you get taller.",
        "3.  **Adrenaline:** When you get scared or excited, your body releases adrenaline, making your heart beat faster and giving you more energy for a quick reaction."
      ],
      "Relation Between Sub-Concepts": "Endocrine glands are the producers of hormones. Hormones are the chemical messengers. The bloodstream is the transport system for hormones. Target organs are the specific sites where hormones exert their effects. All these elements work in coordination for the proper functioning of the body.",
      "Cross-Concept Critical Thinking": "How might the concept of hormones, which control long-term changes like growth, interact with the nervous system, which controls rapid responses like reflexes?",
      "Exam-Oriented Questions": [
        "1.  What are hormones, and how are they produced in the body?",
        "2.  Explain the journey of a hormone from its production to its action on a target organ.",
        "3.  Give an example of a hormone and its function in the human body."
      ],
      "Exam Preparation, Common Mistakes, Exam Tips": {
        "Exam Preparation": "Focus on understanding the basic definition and how hormones travel and act. Remember the examples given in the textbook.",
        "Common Mistakes": "Confusing hormones with enzymes or other bodily fluids. Not understanding that hormones are specific to target organs.",
        "Exam Tips": "When answering questions, clearly state that hormones are chemical messengers and mention that they travel via the bloodstream to target organs. Use the examples provided in your textbook to illustrate your answers."
      },
      "Metrics Estimation": {
        "Estimated Avg time taken for the 1st time learners": "10 min",
        "Estimated Avg time taken for the 2nd time learners": "3 min",
        "# of revisions needed to master": "3 (interval of revisit in days: 5)"
      },
      "Importance": {
        "Importance for the rest of the chapter": "30% (As it's an introduction to a new system of control and coordination)",
        "Importance for the Olympiad": "Low",
        "Importance for the IIT/NEET": "Medium (Basic understanding is crucial for higher biology)",
        "Definition getting asked in the unit test": "Medium"
      },
      "Which aspect is important?": "Def/concept is most important.",
      "Should you remember this?": "Yes, because it introduces a fundamental concept of how our bodies are controlled and regulated, which is essential for understanding many bodily functions.",
      "image": [
        {
          "image_url": "https://upload.wikimedia.org/wikipedia/commons/thumb/e/ea/1802_Examples_of_Amine_Peptide_Protein_and_Steroid_Hormone_Structure.jpg/250px-1802_Examples_of_Amine_Peptide_Protein_and_Steroid_Hormone_Structure.jpg",
          "description": "Different types of hormones are secreted in the human body, with different biological roles and functions."
        },
        {
          "image_url": "https://upload.wikimedia.org/wikipedia/commons/thumb/8/80/Steroid_and_Lipid_Hormones.svg/500px-Steroid_and_Lipid_Hormones.svg.png",
          "description": "The left diagram shows a steroid (lipid) hormone (1) entering a cell and (2) binding to a receptor protein in the nucleus, causing (3) mRNA synthesis which is the first step of protein synthesis. The right side shows protein hormones (1) binding with receptors which (2) begins a transduction pathway. The transduction pathway ends (3) with transcription factors being activated in the nucleus, and protein synthesis beginning. In both diagrams, a is the hormone, b is the cell membrane, c is the cytoplasm, and d is the nucleus."
        },
        {
          "image_url": "https://upload.wikimedia.org/wikipedia/commons/thumb/d/d5/Negative_Feedback_Gif.gif/250px-Negative_Feedback_Gif.gif",
          "description": "Blood glucose levels are maintained at a constant level in the body by a negative feedback mechanism. When the blood glucose level is too high, the pancreas secretes insulin and when the level is too low, the pancreas then secretes glucagon. The flat line shown represents the homeostatic set point. The sinusoidal line represents the blood glucose level."
        },
        {
          "image_url": "https://upload.wikimedia.org/wikipedia/commons/thumb/7/7a/Hormones.svg/500px-Hormones.svg.png",
          "description": "Diagram that describes hormones and their activity in the bloodstream. Hormones flow in and out of the bloodstream and are able to bind to target cells to activate the role of the hormone. This is with the help of the bloodstream flow and the secreting cell. Hormones regulate metabolism, growth and development, tissue function, sleep, reproduction, etc. The diagram also lists the important hormones in humans."
        }
      ],
      "youtube": [
        {
          "youtube_url": "https://www.youtube.com/watch?v=Riy2d5F37RI",
          "video_title": "The Endocrine System - Pituitary, Thyroid, And Adrenal Glands | Class 10 | Learn With BYJU'S",
          "video_description": "Do you know what role the thyroid, adrenal, and pituitary glands play in your body? Do you know where these glands are located?"
        },
        {
          "youtube_url": "https://www.youtube.com/watch?v=0Qpt7SNIRMA",
          "video_title": "Mechanism of Hormone Action | Class 11 | Chemical Coordination and Integration #ncertbiology  #neet",
          "video_description": "\"Ever wondered how hormones control our body functions? In this video, we explain the Mechanism of Hormone Action in a ..."
        }
      ]
    },
    {
      "Concept": "Physical changes (height, voice, hair growth)",
      "Description": "Physical changes are the ways our bodies transform as we grow older, especially during childhood and adolescence. These are visible and noticeable transformations, like getting taller, your voice changing, and hair growing in new places.",
      "Key Topics from the Textbook": [
        "Changes during adolescence",
        "Increase in height",
        "Voice changes",
        "Growth of hair (underarms, face, pubic region)"
      ],
      "Detail": "As we enter adolescence, a significant period of growth and development, our bodies undergo remarkable physical changes.\n* **Height:** We experience a sudden spurt in height, growing taller quite rapidly. This is a very visible sign of growing up.\n* **Voice:** In boys, the voice box (larynx) grows larger, causing their voice to become deeper and hoarser. In girls, the voice changes too, but it's usually less dramatic than in boys.\n* **Hair Growth:** Hair starts to grow in new areas of the body. This includes hair on the face (beard and mustache for boys), in the armpits, and in the pubic area (between the legs).",
      "Working": "These physical changes are triggered by hormones, which are chemical messengers produced by our body. During adolescence, the production of sex hormones increases significantly. These hormones signal different parts of the body to grow and develop, leading to the observed physical transformations.",
      "Intuition / Logical Flow": "Think of it like a plant growing. A tiny seed grows into a sprout, then a sapling, and finally a mature plant. Along the way, it gets taller, branches out, and might even develop flowers or fruits. Similarly, our bodies have a \"growth plan\" that is activated by hormones, causing us to change from children into young adults. The height spurt is like the main stem growing tall, the voice change is like a new sound system being installed, and hair growth is like new leaves and branches appearing.",
      "Critical Thinking": "Imagine you are a scientist studying human growth. How would you design an experiment to measure the *rate* of height increase in a group of 7th graders over a year, and what factors might influence this rate?",
      "Open-Ended MCQs": [
        "1.  Which of the following is a significant physical change that typically occurs during adolescence?\n    a)  Hair turning grey\n    b)  Increase in height and voice deepening\n    c)  Eyesight improving\n    d)  Skin becoming smoother\n    **Correct Answer:** b) Increase in height and voice deepening",
        "2.  Hormones play a crucial role in physical changes during adolescence. What do hormones do?\n    a)  They are bones that provide support.\n    b)  They are chemical messengers that control growth and development.\n    c)  They are muscles that help us move.\n    d)  They are food that gives us energy.\n    **Correct Answer:** b) They are chemical messengers that control growth and development.",
        "3.  The growth of hair in the armpits and pubic region during adolescence is primarily influenced by:\n    a)  Sunlight\n    b)  Diet\n    c)  Sex hormones\n    d)  Physical exercise\n    **Correct Answer:** c) Sex hormones"
      ],
      "Real-Life Applications": [
        "1.  **Doctor's Check-ups:** Doctors often measure a child's height and weight at regular check-ups to ensure they are growing and developing according to their age. This helps them identify any potential growth issues.",
        "2.  **Understanding Puberty:** Recognizing these physical changes helps individuals, especially young people, understand that they are going through puberty, a natural stage of development.",
        "3.  **Clothing and Personal Care:** As children grow taller, their clothes become too small, requiring them to buy new ones. Similarly, the development of new hair might lead to changes in personal grooming habits."
      ],
      "Relation Between Sub-Concepts": "The increase in height, voice changes, and hair growth are all interconnected physical changes that happen during adolescence. They are all triggered by the hormonal surges that characterize this developmental stage. So, one doesn't happen without the others; they are part of a larger process of maturing from a child to a young adult.",
      "Cross-Concept Critical Thinking": "How might the *psychological* changes (like mood swings or feeling more self-conscious) experienced during adolescence be linked to the *physical* changes such as voice deepening or acne? (Hint: Think about hormones and societal expectations.)",
      "Exam-Oriented Questions": [
        "1.  Describe three major physical changes that occur in boys during adolescence, mentioning the role of hormones.",
        "2.  Explain why a boy's voice becomes deeper during adolescence.",
        "3.  What are the physical changes related to hair growth observed during adolescence?"
      ],
      "Metrics Estimation": {
        "Estimated Avg time taken for the 1st time learners": "10 min",
        "Estimated Avg time taken for the 2nd time learners": "3 min",
        "# of revisions needed to master": "3 (interval of revisit in days: 5)"
      },
      "Importance": {
        "Importance for the rest of the chapter": "30% (as it sets the context for other adolescent changes)",
        "Importance for the Olympiad": "Low",
        "Importance for the IIT/NEET": "Low",
        "Definition getting asked in the unit test": "Medium"
      },
      "Which aspect is important?": "Def/concept",
      "Should you remember this?": "Yes, because understanding these basic physical changes is fundamental to grasping the concept of adolescence and human development.",
      "Exam Preparation, Common Mistakes, Exam Tips": {
        "Exam Preparation": "Create a simple table listing each physical change (height, voice, hair) and the primary reason or hormone responsible for it.",
        "Common Mistakes": "Confusing the specific voice changes between boys and girls, or forgetting that hair growth occurs in multiple new areas beyond just the face.",
        "Exam Tips": "When asked about physical changes, make sure to mention *all* the key aspects covered: height, voice, and hair growth, and briefly explain each."
      },
      "image": [
        {
          "image_url": "https://upload.wikimedia.org/wikipedia/commons/thumb/9/9e/Child_development_stages.svg/1200px-Child_development_stages.svg.png",
          "description": "Approximate outline of development periods fromchildhoodto early adulthood. Puberty is marked in green at right."
        },
        {
          "image_url": "https://upload.wikimedia.org/wikipedia/commons/thumb/2/29/Male_genitalia_five_Tanner_stages.png/500px-Male_genitalia_five_Tanner_stages.png",
          "description": "Five Tanner stages of male genitalia;The Adolescent Period"
        },
        {
          "image_url": "https://upload.wikimedia.org/wikipedia/commons/thumb/6/6a/Adolescent_Period_Average_boy_10_to_17_yo.jpg/500px-Adolescent_Period_Average_boy_10_to_17_yo.jpg",
          "description": "Development of a male from childhood to the end of puberty"
        },
        {
          "image_url": "https://upload.wikimedia.org/wikipedia/commons/thumb/7/70/Stubbly_face.jpg/250px-Stubbly_face.jpg",
          "description": "Facial hairof a male"
        },
        {
          "image_url": "https://upload.wikimedia.org/wikipedia/commons/thumb/c/c5/Female_breasts_five_Tanner_stages.jpg/250px-Female_breasts_five_Tanner_stages.jpg",
          "description": "Tanner stagesof puberty in females"
        },
        {
          "image_url": "https://upload.wikimedia.org/wikipedia/commons/thumb/6/6e/Adolescent_Period_Average_girl_4_to_16_yo.jpg/500px-Adolescent_Period_Average_girl_4_to_16_yo.jpg",
          "description": "Development of a female from childhood to the end of puberty"
        }
      ],
      "youtube": [
        {
          "youtube_url": "https://www.youtube.com/watch?v=24AvS06QKS8",
          "video_title": "Growing with Age | Adolescence:A Stage of Growth and Change | Grade 7 | Biology | Khan Academy",
          "video_description": "Description: (100-200 characters) Voice cracks? Growth spurts? Pimples? Yup — you're growing with age! In this video, we break ..."
        }
      ]
    },
    {
      "Concept": "Emotional and Behavioural Changes",
      "Description": "Imagine you're growing up, and with every passing year, you feel and act a little differently. That's what emotional and behavioural changes are all about! It's about how our feelings (emotions) and how we act (behaviour) change as we grow older and learn new things. It's a natural part of becoming who you are!",
      "Key Topics from the Textbook": [
        "Changes that happen as we grow up.",
        "How our feelings can be different and change.",
        "How our actions can also change."
      ],
      "Detail": "As you get older, your brain and body are developing. This means your feelings might become stronger or more complex. You might feel happy about something one day and a bit sad about something else the next. Similarly, how you react to situations can also change. For example, as a younger child, you might cry when you're upset, but as you grow, you might learn to talk about your feelings or find other ways to express them. These changes are normal and a sign of you growing into a more mature person.",
      "Working": "It's like a continuous process. Your experiences, the people you meet, and what you learn all contribute to how you feel and act. For instance, if you have a really fun birthday party, you'll probably feel very happy. If you then have to do homework right after, you might feel a bit annoyed or bored. So, the situation triggers an emotion, and that emotion can influence how you behave (maybe you'll do your homework quickly to get back to playing, or maybe you'll grumble about it). As you get older, you also learn to understand these feelings and behaviours better.",
      "Intuition / Logical Flow": "Think about it this way: When you were a baby, your emotions were pretty simple – happy, sad, angry. As you grew into a toddler, you learned new words and could express yourself a bit more. Now, as a 7th grader, you have a whole range of feelings – excitement, nervousness, frustration, empathy. You also have more choices in how you react. This development is a logical progression as your mind and understanding of the world expand.",
      "Critical Thinking": "If a friend gets upset because you accidentally broke their favourite toy, and you usually get defensive when you make mistakes, but this time you immediately apologize and offer to fix it, what does this change in your behaviour suggest about your emotional understanding?",
      "Open-Ended MCQs": [
        "1.  Which of the following is an example of an emotional change as a person grows older?\n    a) Learning to ride a bicycle\n    b) Developing a wider range of feelings like empathy and frustration\n    c) Growing taller\n    d) Being able to read a book",
        "2.  Behavioural changes are best described as:\n    a) The way our bodies grow and develop physically.\n    b) The way we think about mathematical problems.\n    c) The observable actions and reactions we have in different situations.\n    d) The changes in our dreams at night.",
        "3.  Which factor can most significantly influence both emotional and behavioural changes in a 7th grader?\n    a) The weather outside\n    b) Peer group interactions and feedback\n    c) The colour of their backpack\n    d) The type of cereal they eat for breakfast"
      ],
      "Real-Life Applications": [
        "1.  **Understanding friendships:** When you understand that your friend might be upset about something, you might behave differently around them, perhaps being more supportive.",
        "2.  **Dealing with exams:** Before an exam, you might feel nervous (emotional change), which could lead you to study more diligently (behavioural change).",
        "3.  **Learning new skills:** When you try to learn a new sport or instrument, you might feel excited but also frustrated when you don't get it right away. This can lead to trying harder or asking for help."
      ],
      "Relation Between Sub-Concepts": "* **Emotions** are the internal feelings you experience (happiness, sadness, anger).\n* **Behaviour** is how you act or respond externally based on those emotions and other factors.\n* **Changes** are the shifts and developments in both emotions and behaviours as you grow.\n\nThese are interconnected. An emotional change can lead to a behavioural change, and new behaviours can also influence how you feel. For example, if you learn to control your anger (behavioural change), you might feel calmer and more in control (emotional change).",
      "Cross-Concept Critical Thinking": "Considering the concept of \"emotional and behavioural changes\" in 7th grade, how might these changes relate to the learning and understanding of scientific concepts discussed in a science chapter about \"Digestion and Respiration,\" where motivation and focus are important for learning?",
      "Exam-Oriented Questions": [
        "1.  What do we mean by \"emotional changes\" as a person grows? Give one example.",
        "2.  Explain the difference between emotional changes and behavioural changes. Provide an example of a behavioural change that might occur due to an emotional change.",
        "3.  Why are emotional and behavioural changes a normal part of growing up?"
      ],
      "Metrics Estimation": {
        "Estimated Avg time taken for the 1st time learners": "10 min",
        "Estimated Avg time taken for the 2nd time learners": "3 min",
        "# of revisions needed to master": "3 (interval of revisit in days: 5)"
      },
      "Importance": {
        "Importance for the rest of the chapter": "30%",
        "Importance for the Olympiad": "Medium",
        "Importance for the IIT/NEET": "Low",
        "Definition getting asked in the unit test": "Medium"
      },
      "Which aspect is important?": "Concept and understanding of how emotions and behaviours are linked and change.",
      "Should you remember this?": "Yes, because understanding your own emotions and behaviours, and how they change, is crucial for personal development, building relationships, and navigating life's challenges. It helps you understand yourself and others better.",
      "Exam Preparation, Common Mistakes, Exam Tips": {
        "Exam Preparation": "Focus on understanding the difference between emotions and behaviours, and how they can change together. Think of real-life examples to illustrate your answers.",
        "Common Mistakes": "Confusing emotional changes with physical changes, or not providing clear examples of how emotions influence behaviour.",
        "Exam Tips": "When answering questions, start by defining what emotions and behaviours are, then explain how they change, and finally give a concrete example."
      },
      "image": [
        {
          "image_url": "https://upload.wikimedia.org/wikipedia/commons/thumb/3/3f/State_insane_asylum%2C_Reno%2C_Nevada.jpg/250px-State_insane_asylum%2C_Reno%2C_Nevada.jpg",
          "description": "A state insane asylum in Nevada."
        }
      ],
      "youtube": []
    },
    {
      "Concept": "Nutrition during Adolescence",
      "Description": "Adolescence is a super exciting time when your body is growing really fast, almost as much as when you were a baby! To fuel this amazing growth and make sure you're strong and healthy, you need to eat the right kinds of food. This is what \"nutrition during adolescence\" is all about – understanding what your body needs to grow and thrive during these important years.",
      "Key Topics from the Textbook": [
        "Balanced diet for adolescents",
        "Iron deficiency anaemia",
        "Protein needs for growth",
        "Personal hygiene"
      ],
      "Detail": "During adolescence, your body goes through rapid changes. You grow taller, your muscles develop, and in some cases, your body shape starts to change. To support all this growth, you need a **balanced diet**. A balanced diet means eating a variety of foods that provide all the essential nutrients your body needs. These nutrients include:\n\n* **Carbohydrates:** For energy to play, study, and do everything you do.\n* **Proteins:** The building blocks for your muscles, bones, and all the cells in your body.\n* **Fats:** For energy and to help your body absorb certain vitamins.\n* **Vitamins and Minerals:** Tiny helpers that keep your body working properly, fight off sickness, and help with growth.\n\nA common problem during adolescence, especially for girls, is **iron deficiency anaemia**. Iron is a mineral that helps your blood carry oxygen. When you don't have enough iron, your blood can't carry enough oxygen, making you feel tired and weak. Eating iron-rich foods can help prevent this.\n\n**Personal hygiene** is also very important when it comes to food. Washing your hands before eating and keeping food clean helps prevent germs from making you sick.",
      "Working": "The \"working\" of nutrition during adolescence is simply the process of your body using the food you eat to grow and develop.\n1.  **Ingestion:** You eat a variety of healthy foods.\n2.  **Digestion:** Your body breaks down the food into smaller nutrients.\n3.  **Absorption:** These nutrients are absorbed into your bloodstream.\n4.  **Utilization:** Your body uses these nutrients for:\n    * **Growth:** Building new tissues, getting taller, developing muscles.\n    * **Energy:** Fueling all your activities.\n    * **Repair:** Fixing any wear and tear in your body.\n    * **Protection:** Fighting off diseases.\n\nFor example, when you eat dal or paneer (sources of protein), your body uses the amino acids from them to build new muscle cells, making your muscles stronger as you grow. When you eat leafy green vegetables, you get iron, which helps your blood carry oxygen efficiently, keeping you energetic.",
      "Intuition / Logical Flow": "Think of your body like a construction site for a really tall building.\n* **The building:** Your growing body.\n* **The bricks and cement:** Proteins are like the strong materials that build up your body.\n* **The workers:** Vitamins and minerals are like the skilled workers who ensure everything is built correctly and functions well.\n* **The fuel for the machines:** Carbohydrates and fats provide the energy needed to do all the construction work.\n* **The delivery trucks:** Your blood is like the delivery trucks that bring all the materials (nutrients) to the construction site.\n\nIf you don't have enough of the right materials (nutrients), the building (your body) won't be built as strong or as tall as it could be.",
      "Critical Thinking": "If an adolescent athlete is training intensely, what specific nutrients would they need in *slightly larger* quantities than a less active adolescent, and why?",
      "Open-Ended MCQs": [
        "1.  Which of the following is a key nutrient for building muscles and repairing tissues during adolescence?\n    a) Carbohydrates\n    b) Fats\n    c) Proteins\n    d) Water",
        "2.  Iron deficiency anaemia can make you feel very tired. Which food group is important to include to prevent this?\n    a) Sugary snacks\n    b) Leafy green vegetables\n    c) Fried foods\n    d) Soft drinks",
        "3.  Adolescence is a period of rapid growth. To support this, what is the most important dietary principle?\n    a) Eating only fruits\n    b) Following a very restrictive diet\n    c) Eating a balanced diet with a variety of foods\n    d) Skipping meals to save calories"
      ],
      "Real-Life Applications": [
        "1.  **Choosing your lunch:** When you pack your lunch or buy it, thinking about whether it includes foods like dal, vegetables, fruits, and milk helps ensure you're getting a balanced meal.",
        "2.  **Feeling energetic:** If you're feeling tired all the time, a doctor might ask about your diet to see if you're getting enough iron or other essential nutrients.",
        "3.  **Sports and physical activity:** Athletes in your age group often need to pay extra attention to their protein intake to help their muscles recover after practice."
      ],
      "Relation Between Sub-Concepts": "* **Balanced Diet and Protein Needs:** A balanced diet ensures you get enough protein, which is crucial for the muscle development and overall growth happening during adolescence.\n* **Iron Deficiency Anaemia and Balanced Diet:** Eating a balanced diet that includes iron-rich foods is the direct way to prevent iron deficiency anaemia.\n* **Personal Hygiene and Food:** Good personal hygiene, like washing hands, helps your body absorb and utilize the nutrients from the balanced diet without getting sick from contaminated food.",
      "Cross-Concept Critical Thinking": "Considering the chapter on \"Digestion of Food,\" how might poor eating habits or a lack of certain nutrients during adolescence impact the efficiency of the digestive system in later life?",
      "Exam-Oriented Questions": [
        "1.  What is a balanced diet, and why is it particularly important for adolescents?",
        "2.  Explain iron deficiency anaemia and list at least two food sources rich in iron.",
        "3.  What are the key nutrients required during adolescence, and what role does each play in growth and development?"
      ],
      "Metrics Estimation": {
        "Estimated Avg time taken for the 1st time learners": "10 min",
        "Estimated Avg time taken for the 2nd time learners": "3 min",
        "# of revisions needed to master": "3 (interval of revisit in days: 5)"
      },
      "Importance": {
        "Importance for the rest of the chapter": "60% (as nutrition is a core part of understanding body processes)",
        "Importance for the Olympiad": "Medium (general knowledge of health and nutrition can be tested)",
        "Importance for the IIT/NEET": "Low (this is a foundational concept, not typically tested in detail at this level)",
        "Definition getting asked in the unit test": "Medium (understanding of 'balanced diet' and 'anaemia' is likely)"
      },
      "Which aspect is important?": "Definition/Concept, Food sources, and Importance for growth.",
      "Should you remember this?": "Yes, because adolescence is a critical period for growth, and understanding what to eat directly impacts your health, energy levels, and ability to learn and play.",
      "Exam Preparation, Common Mistakes, Exam Tips": {
        "Exam Preparation": "Create a list of important nutrients and their roles, along with examples of iron-rich foods. Practice explaining the importance of a balanced diet in your own words.",
        "Common Mistakes": "Confusing the roles of different nutrients (e.g., thinking fats are only bad) or not linking the need for nutrients directly to the rapid growth phase of adolescence. Forgetting to mention personal hygiene in the context of food.",
        "Exam Tips": "When answering questions, start by stating the main point (e.g., \"A balanced diet is crucial for adolescents because...\") and then elaborate with specific details about nutrients and their functions."
      },
      "image": [],
      "youtube": []
    },
    {
      "Concept": "Personal Hygiene",
      "Description": "Personal hygiene is all about keeping our bodies clean and healthy to prevent illnesses and feel good. It's like taking care of yourself so that tiny germs don't get a chance to make you sick.",
      "Key Topics from the Textbook": [
        "Washing hands",
        "Bathing regularly",
        "Brushing teeth",
        "Keeping nails clean"
      ],
      "Detail": "Personal hygiene involves a set of practices we do regularly to maintain our health. This includes:\n* **Washing hands:** This is crucial, especially before eating and after using the toilet, to remove germs that can cause diseases.\n* **Bathing regularly:** Bathing cleans our skin, removes sweat and dirt, and helps prevent body odour and skin infections.\n* **Brushing teeth:** Brushing our teeth twice a day removes food particles and plaque, preventing cavities and bad breath.\n* **Keeping nails clean:** Long and dirty fingernails can hide germs. Keeping them short and clean reduces the risk of spreading infections.",
      "Working": "Our bodies come into contact with millions of germs every day, some of which can make us sick. Personal hygiene practices act as a shield. When we wash our hands, we physically remove these germs. Bathing washes away accumulated dirt and sweat, and brushing teeth dislodges food particles that germs love to feed on. Clean nails prevent these germs from being transferred to our mouths or other parts of our body.",
      "Intuition / Logical Flow": "Think of your body as a house. Personal hygiene is like regularly cleaning your house to keep it tidy and free from pests. If you don't clean your house, dust and dirt build up, and pests might move in. Similarly, if you don't practice personal hygiene, germs (the \"pests\") can build up on your body and cause problems (illness).",
      "Critical Thinking": "If you were designing a \"Super Hygiene Hero\" costume for a school event, what features would you include to represent the importance of personal hygiene, and why?",
      "Open-Ended MCQs": [
        "1.  Which of the following is the MOST important reason for washing your hands regularly?\n    a) To make your hands smell nice.\n    b) To remove dirt and germs that can cause illness.\n    c) To soften your skin.\n    d) To make your nails look shiny.\n    **Correct Answer: b)**",
        "2.  Why is it important to brush your teeth at least twice a day?\n    a) To impress your friends with fresh breath.\n    b) To remove food particles and prevent tooth decay.\n    c) To make your teeth whiter, even if they are healthy.\n    d) To stimulate blood flow in your gums.\n    **Correct Answer: b)**",
        "3.  What could happen if you don't keep your fingernails clean?\n    a) Your nails might grow faster.\n    b) Germs can get trapped under your nails and spread easily.\n    c) Your nails will become stronger.\n    d) You might get better at playing a musical instrument.\n    **Correct Answer: b)**"
      ],
      "Real-Life Applications": [
        "1.  **After playing outside:** Washing your hands thoroughly with soap and water after playing games outdoors to remove any dirt and germs picked up from the ground.",
        "2.  **Before and after meals:** Making it a habit to wash hands before preparing food, eating, and after using the toilet to prevent the spread of infections.",
        "3.  **Daily shower:** Taking a bath or shower every day to keep your skin clean and fresh, especially during hot weather or after physical activity."
      ],
      "Relation Between Sub-Concepts": "All the sub-concepts – washing hands, bathing, brushing teeth, and keeping nails clean – are interconnected as they all contribute to the overall goal of keeping our bodies clean and free from disease-causing germs. They are individual actions that together form a system of personal protection.",
      "Cross-Concept Critical Thinking": "How might neglecting personal hygiene practices, as discussed in this chapter, affect the overall health and well-being of a community, considering concepts like the spread of diseases we might have learned about in previous chapters on 'Living Organisms' or 'Health and Diseases'?",
      "Exam-Oriented Questions": [
        "1.  What is personal hygiene, and why is it important for our health? (Short Answer)",
        "2.  Explain the steps you should take to ensure good oral hygiene. (Short Answer)",
        "3.  Describe at least three common personal hygiene practices and explain the benefit of each. (Long Answer)"
      ],
      "Exam Preparation, Common Mistakes, Exam Tips": {
        "Exam Preparation": "Practice explaining the importance of each hygiene practice in your own words. You can even draw simple diagrams to illustrate how germs spread and how hygiene prevents it.",
        "Common Mistakes": "Students often just list the practices without explaining *why* they are important or *how* they help prevent illness.",
        "Exam Tips": "Always remember to link the hygiene practice to its health benefit, like \"washing hands prevents the spread of germs and diseases.\""
      },
      "image": [
        {
          "image_url": "https://upload.wikimedia.org/wikipedia/commons/thumb/7/74/Sanitation_Value_Chain.jpg/500px-Sanitation_Value_Chain.jpg",
          "description": "The sanitation system: collection, transport, treatment, disposal orreuse."
        },
        {
          "image_url": "https://upload.wikimedia.org/wikipedia/commons/thumb/6/6c/Urban_sanitation_facilities_vs._rural_sanitation_facilities%2C_OWID.svg/500px-Urban_sanitation_facilities_vs._rural_sanitation_facilities%2C_OWID.svg.png",
          "description": "Urban improved sanitation facilities versus rural improved sanitation facilities, 2015.[10]"
        },
        {
          "image_url": "https://upload.wikimedia.org/wikipedia/commons/thumb/e/e4/2016_EPI_Environmental_Health_Objective_-_Water_and_Sanitation_%2826170609358%29.jpg/500px-2016_EPI_Environmental_Health_Objective_-_Water_and_Sanitation_%2826170609358%29.jpg",
          "description": "Access to safe drinking water and sanitation (2016)"
        },
        {
          "image_url": "https://upload.wikimedia.org/wikipedia/commons/thumb/d/de/Percentage_of_population_served_by_different_types_of_sanitation_systems.png/500px-Percentage_of_population_served_by_different_types_of_sanitation_systems.png",
          "description": "Percentage of population served by different types of sanitation systems[26]"
        },
        {
          "image_url": "https://upload.wikimedia.org/wikipedia/commons/thumb/0/0d/Shower%2C_double-vault_urine-diverting_dry_toilet_%28UDDT%29_and_waterless_urinal_in_Lima%2C_Peru.jpg/330px-Shower%2C_double-vault_urine-diverting_dry_toilet_%28UDDT%29_and_waterless_urinal_in_Lima%2C_Peru.jpg",
          "description": "Example of sanitation infrastructure: Shower, double-vaulturine-diverting dry toilet(UDDT) and waterlessurinalinLima, Peru"
        },
        {
          "image_url": "https://upload.wikimedia.org/wikipedia/commons/thumb/6/68/Emergency_pit_lining_kits_by_Evenproducts_%286619616945%29.jpg/250px-Emergency_pit_lining_kits_by_Evenproducts_%286619616945%29.jpg",
          "description": "Emergency pit lining kits by Evenproducts"
        }
      ],
      "youtube": [
        {
          "youtube_url": "https://www.youtube.com/watch?v=jg1FM_AQFLg",
          "video_title": "Sewage Treatment Plant | Components of STP |",
          "video_description": "Learn about the main components of a Sewage Treatment Plant (STP). Watch how these components work together to clean ..."
        },
        {
          "youtube_url": "https://www.youtube.com/watch?v=u2y73ylnzz0",
          "video_title": "Vermi-Processing Toilet – Wastewater Story ♻️🚽 Class 7 Science NCERT",
          "video_description": "In this video, we explore the Vermi-Processing Toilet as part of NCERT Science Class 7, Chapter 13 – Wastewater Story ."
        }
      ]
    },
    {
      "Concept": "Harmful Substances",
      "Description": "Harmful substances are things that can cause damage or sickness to our bodies or the environment when we come into contact with them. Think of them as \"bad guys\" that our bodies and nature try to avoid or fight against.",
      "Key Topics from the Textbook": [
        "Pollution (air, water, soil)",
        "Harmful effects of pollution on living beings",
        "Ways to reduce pollution"
      ],
      "Detail": "Harmful substances are all around us, and some can be very dangerous. These can include things like:\n\n* **Pollutants:** These are substances that make our air, water, or soil dirty and unhealthy.\n    * **Air Pollutants:** Smoke from factories and vehicles, dust, and harmful gases can make it hard to breathe and cause sickness.\n    * **Water Pollutants:** Chemicals from industries, sewage, and trash dumped into rivers and lakes can make the water unsafe to drink and harm aquatic life.\n    * **Soil Pollutants:** Pesticides used in farming, plastic waste, and chemicals can make the soil unhealthy, affecting the plants that grow in it and the animals that eat them.\n\nWhen we are exposed to these harmful substances, they can cause various problems, from skin rashes and breathing difficulties to more serious diseases. They can also damage plants, animals, and the overall environment.",
      "Working": "When harmful substances enter our bodies or the environment, they interact with living things. For example:\n1.  **Inhalation:** Breathing in polluted air introduces harmful particles and gases into our lungs, which can irritate them or cause long-term damage.\n2.  **Ingestion:** Drinking contaminated water or eating food grown in polluted soil can introduce harmful chemicals or germs into our digestive system, making us sick.\n3.  **Contact:** Touching polluted water or soil can cause skin problems.\n4.  **Environmental Impact:** Pollutants can harm plants by damaging their leaves or roots, and they can poison animals that drink the water or eat contaminated food.",
      "Intuition / Logical Flow": "Imagine your body is like a clean, well-maintained house. Harmful substances are like \"unwanted guests\" or \"trash\" that can make the house dirty, break things, or even make the inhabitants sick. Our bodies have natural defenses to get rid of some of these, but too much of them, or very strong ones, can overwhelm these defenses. Similarly, nature tries to clean itself, but too much pollution can be too much for it to handle.",
      "Critical Thinking": "If a new factory is planned near your town, and it promises jobs but might release some smoke, what are the different \"harmful substances\" that could be involved, and how could you decide if the benefits outweigh the risks?",
      "Open-Ended MCQs": [
        "1.  Which of the following is a common harmful substance found in polluted air?\n    a) Oxygen\n    b) Nitrogen dioxide\n    c) Water vapor\n    d) Carbon dioxide (in small amounts)\n    *Correct Answer: b) Nitrogen dioxide*",
        "2.  What can happen if we drink water contaminated with harmful substances?\n    a) We might feel more energetic.\n    b) We can get sick with diseases like cholera or typhoid.\n    c) Our skin might become clearer.\n    d) Our hair might grow faster.\n    *Correct Answer: b) We can get sick with diseases like cholera or typhoid.*",
        "3.  Which of the following is NOT a way harmful substances can enter our bodies?\n    a) Breathing polluted air\n    b) Drinking clean, pure water\n    c) Eating contaminated food\n    d) Touching polluted surfaces\n    *Correct Answer: b) Drinking clean, pure water*"
      ],
      "Real-Life Applications": [
        "1.  **Traffic Signals:** Red, yellow, and green lights are used to control traffic, which in turn helps reduce traffic jams and thus air pollution from idling vehicles.",
        "2.  **Waste Management:** Segregating waste (like separating wet and dry garbage) and proper disposal helps prevent harmful substances from contaminating soil and water.",
        "3.  **Water Purification:** Using filters or boiling water makes it safe to drink by removing harmful microorganisms and dissolved pollutants."
      ],
      "Relation Between Sub-Concepts": "The concept of \"Harmful Substances\" is directly linked to **Pollution**. Harmful substances *are* the pollutants that cause pollution. Understanding what these substances are and how they are harmful helps us understand the different types of pollution (air, water, soil) and why it's important to reduce them. The \"Ways to reduce pollution\" are actions we take to prevent these harmful substances from entering our environment or bodies.",
      "Cross-Concept Critical Thinking": "Considering that many harmful substances are chemicals, how might the study of **\"Food,\"** especially the topic of food preservation or ingredients, relate to preventing harmful substances from entering our diet?",
      "Exam-Oriented Questions": [
        "1.  What are harmful substances, and give examples of three types of pollution caused by them.",
        "2.  Explain the harmful effects of air pollution on human health.",
        "3.  Describe at least two ways we can help reduce the amount of harmful substances in our environment."
      ],
      "Metrics Estimation": {
        "Estimated Avg time taken for the 1st time learners": "10 min",
        "Estimated Avg time taken for the 2nd time learners": "3 min",
        "# of revisions needed to master": "3 (interval of revisit in days: 5)"
      },
      "Importance": {
        "Importance for the rest of the chapter": "80% (This concept is fundamental to understanding pollution and its impact, which will likely be the focus of the rest of the chapter).",
        "Importance for the Olympiad": "Medium (General awareness of environmental issues and harmful substances is often tested).",
        "Importance for the IIT/NEET": "Low (While related to environmental science, the specific details might be too basic for these advanced exams, but the foundational understanding is crucial).",
        "Definition getting asked in the unit test": "Medium (Understanding \"harmful substances\" and \"pollution\" might be asked)."
      },
      "Which aspect is important?": "Definition/Concept and Examples.",
      "Should you remember this?": "Yes, because understanding what harmful substances are is the first step to knowing why pollution is bad and how we can protect ourselves and our planet from its effects.",
      "Exam Preparation, Common Mistakes, Exam Tips": {
        "Exam Preparation": "Create flashcards with examples of harmful substances and the type of pollution they cause. Practice explaining the effects in your own words.",
        "Common Mistakes": "Confusing harmful substances with things that are not harmful, or not being able to link a specific harmful substance to a particular type of pollution.",
        "Exam Tips": "When asked for examples, always specify *what* makes them harmful (e.g., \"smoke from vehicles releases harmful gases that pollute the air\")."
      },
      "image": [
        {
          "image_url": "https://upload.wikimedia.org/wikipedia/commons/thumb/7/7d/Amanita-muscaria-mushroom20151014-1336-ex6cst.jpg/500px-Amanita-muscaria-mushroom20151014-1336-ex6cst.jpg",
          "description": "TheAmanita muscariamushroom, an iconic toxic mushroom."
        }
      ],
      "youtube": []
    }
  ]
}