{
  "_id": {
    "$oid": "68c416626bfe65fa38a7b896"
  },
  "concepts": [
    {
      "concept": "Conduction",
      "description": "Conduction is the way heat travels through some materials without the material itself moving from one place to another. Imagine you touch one end of a metal spoon that's in hot soup. Soon, the other end of the spoon feels warm, even though it wasn't directly in the soup. That's conduction!",
      "key_topics": [
        "Transfer of heat through solids.",
        "Conductors of heat.",
        "Insulators of heat."
      ],
      "detail": "Conduction happens when particles in a material bump into each other and transfer their energy. In solids, the particles are packed closely together. When one part of the solid gets hot, its particles gain more energy and vibrate more. These vibrating particles then bump into their neighbours, passing on their energy. This process continues, and heat moves through the solid.",
      "working": [
        "1. Heating one part: One end of a solid object is heated.",
        "2. Particle vibration: The particles at the heated end start to vibrate more vigorously.",
        "3. Collisions: These vibrating particles collide with their neighbouring particles.",
        "4. Energy transfer: During these collisions, energy is transferred from the more energetic particles to the less energetic ones.",
        "5. Heat movement: This chain reaction of collisions causes heat to travel through the solid material from the hotter region to the colder region."
      ],
      "intuition_logical_flow": "Think of a line of people standing very close together. If the first person in line starts jumping up and down energetically, they'll bump into the person next to them, making them jump too. This will continue down the line, and soon everyone is jumping, even though only the first person started it. Heat conduction is similar, with particles \"bumping\" and passing on their \"energy of movement.\"",
      "critical_thinking": "If you hold a wooden stick and a metal rod in a campfire, which one would burn your hand faster if you touched the ends not in the fire? Why?",
      "open_ended_mcqs": [
        {
          "question": "Which of the following best describes conduction?",
          "options": [
            "a) Heat moving by air currents.",
            "b) Heat travelling through solids by particle vibrations.",
            "c) Heat travelling through liquids and gases by movement of the liquid/gas.",
            "d) Heat travelling through empty space by waves."
          ]
        },
        {
          "question": "Materials that allow heat to pass through them easily are called:",
          "options": [
            "a) Insulators",
            "b) Conductors",
            "c) Reflectors",
            "d) Absorbers"
          ]
        },
        {
          "question": "Which of these everyday items is an example of a conductor of heat?",
          "options": [
            "a) A wooden spoon",
            "b) A plastic handle on a pan",
            "c) A metal cooking pot",
            "d) A rubber glove"
          ]
        }
      ],
      "real_life_applications": [
        "1. Cooking Utensils: The metal parts of pots and pans conduct heat from the stove to the food.",
        "2. Heating a Room: Radiators conduct heat from the hot water inside to the metal, which then conducts it to the surrounding air.",
        "3. Holding a hot object: If you need to move a hot object, you often use a material like cloth or tongs made of a poor conductor (insulator) to protect your hand."
      ],
      "relation_between_sub_concepts": "Conductors and insulators are two sides of the same coin when it comes to conduction. **Conductors** are materials that allow heat to be conducted easily through them because their particles readily transfer energy. **Insulators**, on the other hand, are materials that resist the flow of heat through conduction because their particles don't transfer energy as easily.",
      "cross_concept_critical_thinking": "Imagine you're designing a space suit for an astronaut who will be working in the vacuum of space. Why would conduction be less of a concern for keeping them warm compared to heat loss through radiation? (Hint: Think about what conduction requires.)",
      "exam_oriented_questions": [
        "1. Define conduction and give an example of a good conductor of heat.",
        "2. Explain why the handle of a metal cooking pot gets hot when the pot is placed on a stove.",
        "3. Distinguish between conductors and insulators of heat, providing one example of each."
      ],
      "metrics_estimation": {
        "estimated_avg_time_taken_for_the_1st_time_learners": "10 min",
        "estimated_avg_time_taken_for_the_2nd_time_learners": "3 min",
        "number_of_revisions_needed_to_master": "3 (interval of revisit in days: 5)"
      },
      "importance": {
        "importance_for_the_rest_of_the_chapter": "70% (as it's a fundamental mode of heat transfer)",
        "importance_for_the_olympiad": "Medium",
        "importance_for_the_iit_neet": "Low (basic understanding is sufficient at this stage)",
        "definition_getting_asked_in_the_unit_test": "Medium"
      },
      "which_aspect_is_important": "Definition, working principle, and distinguishing between conductors and insulators.",
      "should_you_remember_this": "Yes, because conduction is one of the primary ways heat moves, and understanding it helps explain many everyday phenomena.",
      "exam_preparation_common_mistakes_exam_tips": {
        "exam_preparation": "Practice drawing diagrams to illustrate how heat travels through solids by conduction. Make flashcards for conductors and insulators.",
        "common_mistakes": "Confusing conduction with convection (heat transfer through fluids) or radiation (heat transfer through waves). Not understanding that the particles themselves don't travel, only their energy.",
        "exam_tips": "When asked to explain conduction, always mention the role of particle vibrations and collisions. Clearly state whether the material is a good conductor or insulator."
      },
      "images": [
        {
          "url": "https://upload.wikimedia.org/wikipedia/commons/thumb/0/01/Convection-snapshot.png/500px-Convection-snapshot.png",
          "description": "Simulation of thermal convection in theEarth's mantle. Hot areas are shown in red, cold areas are shown in blue. A hot, less-dense material at the bottom moves upwards, and likewise, cold material from the top moves downwards.",
          "subtopic": "Mantle Convection"
        },
        {
          "url": "https://upload.wikimedia.org/wikipedia/commons/thumb/d/d8/Ghillie_Kettle_Thermal.jpg/250px-Ghillie_Kettle_Thermal.jpg",
          "description": "Thermal image of a newly litGhillie kettle. The plume of hot air resulting from the convection current is visible.",
          "subtopic": "Convection Current"
        },
        {
          "url": "https://upload.wikimedia.org/wikipedia/commons/thumb/2/21/Prout_William_painting_%28cropped%29.jpg/150px-Prout_William_painting_%28cropped%29.jpg",
          "description": "Painting of William Prout",
          "subtopic": "None, but closest keyword:  Natural Convection"
        },
        {
          "url": "https://upload.wikimedia.org/wikipedia/commons/thumb/f/ff/Fireplace_%2860857557%29_%28cropped%29.jpg/250px-Fireplace_%2860857557%29_%28cropped%29.jpg",
          "description": "Painting of William Prout",
          "subtopic": "None, but closest keyword:  Natural or simply  Convection doesn't"
        },
        {
          "url": "https://upload.wikimedia.org/wikipedia/commons/thumb/7/74/Thermal_circulation.png/250px-Thermal_circulation.png",
          "description": "Thermal circulation of air masses",
          "subtopic": "Atmospheric Circulation"
        },
        {
          "url": "https://upload.wikimedia.org/wikipedia/commons/thumb/f/f5/ConvectionCells.svg/330px-ConvectionCells.svg.png",
          "description": "Convection cells in a gravity field",
          "subtopic": "Gravitational Convection"
        }
      ],
      "youtube": [
        {
          "url": "https://www.youtube.com/watch?v=LKwkx9QV6-w",
          "video_title": "Convection of heat🌪️ #shorts #viral #experiment #science",
          "video_description": "Convection is the process of movement of a fluid (gas or liquid) from one area to another. Warm fluid is less dense than cold fluid ..."
        },
        {
          "url": "https://www.youtube.com/watch?v=Ga1hs2T48Nw",
          "video_title": "Convection Current Demonstration",
          "video_description": "Convection currents are the result of uneven heating of water or air. These currents create some of our wind, weather, and ocean ..."
        },
        {
          "url": "https://www.youtube.com/watch?v=W2lIUQc5RgQ",
          "video_title": "Subtropical high, Subpolar low, Easterlies, Westerlies | Atmospheric circulation | Pressure belts",
          "video_description": "In this video we will learn what are Subtropical high, Subpolar low, Easterlies, Westerlies, coriolis force, hadley cell, ferrel cell and ..."
        }
      ]
    },
    {
      "concept": "Convection",
      "description": "Convection is a way that heat travels, specifically in liquids and gases. Imagine a cozy blanket of warm air or a swirling pot of soup – that's convection in action!",
      "key_topics": [
        "Convection current in air",
        "Convection current in water"
      ],
      "detail": "Convection happens when a fluid (like air or water) is heated. When a part of the fluid gets warmer, it becomes less dense and rises. As it rises, it cools down, becomes denser, and sinks. This continuous movement of the fluid, carrying heat with it, is called a convection current.",
      "working": [
        "1. Heating: A source of heat warms up a portion of the fluid at the bottom.",
        "2. Expansion and Rising: The heated fluid expands, becomes lighter (less dense), and starts to rise upwards.",
        "3. Cooling and Sinking: As the fluid moves away from the heat source and towards the cooler top, it loses heat and becomes denser.",
        "4. Continuous Flow: The denser, cooler fluid then sinks down, gets heated again, and the cycle repeats, creating a constant flow called a convection current."
      ],
      "intuition_logical_flow": "Think of a crowded room. If someone opens a door and lets in some cool air, the warmer air inside will want to move towards the door and out, while the cooler air from outside will flow in. Similarly, in fluids, the warmer parts \"want\" to move up, and the cooler parts \"want\" to move down, creating a circulation that spreads the heat.",
      "critical_thinking": "If you were to design a room with a heater on the ceiling and an air conditioner on the floor, how would you expect the air to move, and why?",
      "open_ended_mcqs": [
        {
          "question": "In convection, what happens to the density of a fluid when it is heated?",
          "options": [
            "a) It increases",
            "b) It decreases",
            "c) It remains the same",
            "d) It becomes zero"
          ]
        },
        {
          "question": "Which of the following best describes a convection current?",
          "options": [
            "a) Heat transfer through direct contact",
            "b) Heat transfer through electromagnetic waves",
            "c) The circulation of fluids due to uneven heating",
            "d) The movement of solids due to temperature changes"
          ]
        },
        {
          "question": "Why does the hot air above a fire rise?",
          "options": [
            "a) It is pushed up by cooler air.",
            "b) It expands, becomes less dense, and is lighter than the surrounding air.",
            "c) It is attracted to the smoke.",
            "d) It is a natural property of fire."
          ]
        }
      ],
      "real_life_applications": [
        "1. Heating homes: Hot water or warm air is circulated through radiators or vents to heat a room.",
        "2. Cooking: Boiling water in a pot involves convection currents that distribute heat evenly.",
        "3. Weather patterns: Convection in the atmosphere causes winds and drives weather systems."
      ],
      "relation_between_sub_concepts": "The \"convection current in air\" and \"convection current in water\" are examples of the same fundamental process. The only difference is the medium (air or water) in which the convection occurs. The underlying principle of heating, expansion, density change, and circulation remains the same for both.",
      "cross_concept_critical_thinking": "How is the process of convection similar to or different from the way heat is transferred through a metal rod (conduction)?",
      "exam_oriented_questions": [
        "1. Explain the process of convection with a suitable example.",
        "2. What is a convection current? How is it formed in water?",
        "3. Describe the formation of convection current in air."
      ],
      "exam_preparation_common_mistakes_exam_tips": {
        "exam_preparation": "Draw diagrams to illustrate convection currents in air and water. Label the rising hot fluid and sinking cool fluid.",
        "common_mistakes": "Confusing convection with conduction or radiation. Forgetting to mention the change in density as the key driver of convection.",
        "exam_tips": "When explaining convection, always mention the fluid becoming less dense when heated and sinking when cooled."
      },
      "images": [
        {
          "url": "https://upload.wikimedia.org/wikipedia/commons/thumb/0/01/Convection-snapshot.png/500px-Convection-snapshot.png",
          "description": "Simulation of thermal convection in theEarth's mantle. Hot areas are shown in red, cold areas are shown in blue. A hot, less-dense material at the bottom moves upwards, and likewise, cold material from the top moves downwards.",
          "subtopic": "Mantle Convection"
        },
        {
          "url": "https://upload.wikimedia.org/wikipedia/commons/thumb/d/d8/Ghillie_Kettle_Thermal.jpg/250px-Ghillie_Kettle_Thermal.jpg",
          "description": "Thermal image of a newly litGhillie kettle. The plume of hot air resulting from the convection current is visible.",
          "subtopic": "Convection current"
        },
        {
          "url": "https://upload.wikimedia.org/wikipedia/commons/thumb/2/21/Prout_William_painting_%28cropped%29.jpg/150px-Prout_William_painting_%28cropped%29.jpg",
          "description": "Painting of William Prout",
          "subtopic": "None or closest keyword: Convection"
        },
        {
          "url": "https://upload.wikimedia.org/wikipedia/commons/thumb/f/ff/Fireplace_%2860857557%29_%28cropped%29.jpg/250px-Fireplace_%2860857557%29_%28cropped%29.jpg",
          "description": "Painting of William Prout",
          "subtopic": "None, closest keyword: Convection"
        },
        {
          "url": "https://upload.wikimedia.org/wikipedia/commons/thumb/7/74/Thermal_circulation.png/250px-Thermal_circulation.png",
          "description": "Thermal circulation of air masses",
          "subtopic": "Atmospheric Circulation"
        },
        {
          "url": "https://upload.wikimedia.org/wikipedia/commons/thumb/f/f5/ConvectionCells.svg/330px-ConvectionCells.svg.png",
          "description": "Convection cells in a gravity field",
          "subtopic": "Gravitational Convection"
        }
      ],
      "youtube": [
        {
          "url": "https://www.youtube.com/watch?v=LKwkx9QV6-w",
          "video_title": "Convection of heat🌪️ #shorts #viral #experiment #science",
          "video_description": "Convection is the process of movement of a fluid (gas or liquid) from one area to another. Warm fluid is less dense than cold fluid ..."
        },
        {
          "url": "https://www.youtube.com/watch?v=Ga1hs2T48Nw",
          "video_title": "Convection Current Demonstration",
          "video_description": "Convection currents are the result of uneven heating of water or air. These currents create some of our wind, weather, and ocean ..."
        },
        {
          "url": "https://www.youtube.com/watch?v=0j-7j41NsOQ",
          "video_title": "NCERT Class 7 Science Chapter 3 | Heat | Line By Line | Detailed Explanation + Exercise Solutions.",
          "video_description": "Class 7 NCERT Science - Chapter 3: Heat Line by Line explained complete Chapter. In this detailed lecture video, I have covered ..."
        },
        {
          "url": "https://www.youtube.com/watch?v=W2lIUQc5RgQ",
          "video_title": "Subtropical high, Subpolar low, Easterlies, Westerlies | Atmospheric circulation | Pressure belts",
          "video_description": "In this video we will learn what are Subtropical high, Subpolar low, Easterlies, Westerlies, coriolis force, hadley cell, ferrel cell and ..."
        },
        {
          "url": "https://www.youtube.com/watch?v=0CxkdJeqNfM",
          "video_title": "Convection of Heat in Air and Water",
          "video_description": "Convection of Heat in Air and Water Everyday Science For any feedback pls feel free to contact us: smartscholar.edu@gmail.com ..."
        }
      ]
    },
    {
      "concept": "Radiation",
      "description": "Radiation is a way that heat travels from one place to another without needing anything in between, like air or water. Think of it like invisible heat waves that can travel through empty space.",
      "key_topics": [
        "Heat transfer by radiation.",
        "Radiation does not require a medium.",
        "Examples of radiation (sun's heat, heat from a stove).",
        "Dark and rough surfaces are better absorbers and radiators of heat.",
        "Light and smooth surfaces are better reflectors of heat."
      ],
      "detail": "Radiation is one of the three ways heat can move. The other two are conduction and convection. Radiation is special because it can travel through a vacuum (empty space). The sun's warmth reaches us on Earth because of radiation, and there's nothing but empty space between the sun and Earth. This heat travels as electromagnetic waves.",
      "working": "Radiation works by emitting energy in the form of electromagnetic waves. All objects with a temperature above absolute zero (-273.15°C) emit thermal radiation. The hotter an object is, the more radiation it emits. When these waves strike another object, they can be absorbed, reflected, or transmitted. If they are absorbed, the object gains heat.",
      "intuition_logical_flow": "Imagine standing in front of a campfire. You can feel the warmth on your face even if the air between you and the fire hasn't been heated by convection. This warmth reaching you directly is radiation. It's like the fire is \"shooting\" heat waves at you. Similarly, the sun's rays travel all the way to Earth, warming it up.",
      "critical_thinking": "If astronauts on the moon (which has no atmosphere) are wearing a shiny, silver suit, why do you think they choose that color and material? What property of radiation does this relate to?",
      "open_ended_mcqs": [
        {
          "question": "Which of the following is the primary way heat from the sun reaches Earth?",
          "options": [
            "a) Conduction",
            "b) Convection",
            "c) Radiation",
            "d) Absorption"
          ],
          "correct_answer": "c) Radiation"
        },
        {
          "question": "Which type of surface will absorb more heat when exposed to radiation?",
          "options": [
            "a) A light-colored, smooth surface",
            "b) A dark-colored, rough surface",
            "c) A shiny, metallic surface",
            "d) A transparent, glassy surface"
          ],
          "correct_answer": "b) A dark-colored, rough surface"
        },
        {
          "question": "When you hold your hands near a hot stove, you feel heat even if you are not directly above it. This is an example of heat transfer by:",
          "options": [
            "a) Conduction",
            "b) Convection",
            "c) Radiation",
            "d) Evaporation"
          ],
          "correct_answer": "c) Radiation"
        }
      ],
      "real_life_applications": [
        "1. Solar Cookers: These devices use reflective surfaces to concentrate the sun's radiation onto food, cooking it.",
        "2. Wearing Light Clothes in Summer: Light-colored clothes reflect more solar radiation, keeping us cooler than dark clothes which absorb more heat.",
        "3. Thermal Imaging Cameras: These cameras detect infrared radiation emitted by objects to create images showing temperature differences."
      ],
      "relation_between_sub_concepts": "Radiation is distinct because it doesn't need a medium, unlike conduction (through direct contact) and convection (through movement of fluids). Surfaces that are good absorbers of radiation are also good emitters of radiation. Dark and rough surfaces are good at both. Light and smooth surfaces are good reflectors of radiation, meaning they absorb less and emit less effectively.",
      "cross_concept_critical_thinking": "How does the concept of radiation relate to the energy emitted by stars in space, and how does this relate to the concept of light and its properties from a physics perspective?",
      "exam_oriented_questions": [
        "1. Explain why a dark-colored shirt feels hotter than a light-colored shirt on a sunny day. (Short Answer)",
        "2. Describe how heat from the sun reaches the Earth. Mention the specific mode of heat transfer. (Short Answer)",
        "3. Why are the walls of a thermos flask coated with silver? Explain the principle behind it. (Long Answer)"
      ],
      "exam_preparation_common_mistakes_exam_tips": {
        "exam_preparation": "Focus on understanding the examples given in the textbook and how they relate to the properties of radiation (medium required or not, surface properties).",
        "common_mistakes": "Confusing radiation with conduction or convection, or not understanding that dark/rough surfaces are good emitters as well as absorbers.",
        "exam_tips": "When answering questions about radiation, always remember to state that it does not require a medium and to mention the role of surface properties (color and texture)."
      },
      "metrics_estimation": {
        "estimated_avg_time_taken_for_the_1st_time_learners": "10 min",
        "estimated_avg_time_taken_for_the_2nd_time_learners": "3 min",
        "number_of_revisions_needed_to_master": "3 (interval of revisit in days: 5)"
      },
      "importance": {
        "importance_for_the_rest_of_the_chapter": "40% (as it's a core heat transfer mechanism)",
        "importance_for_the_olympiad": "Medium",
        "importance_for_the_iit_neet": "Low (more focus in higher grades)",
        "definition_getting_asked_in_the_unit_test": "Medium"
      },
      "which_aspect_is_important": "Def/concept, examples, and relation to surface properties.",
      "should_you_remember_this": "Yes, because it's a fundamental way heat travels and is crucial for understanding many everyday phenomena and scientific applications.",
      "images": [
        {
          "url": "https://upload.wikimedia.org/wikipedia/commons/thumb/6/61/Alfa_beta_gamma_radiation_penetration.svg/500px-Alfa_beta_gamma_radiation_penetration.svg.png",
          "description": "Illustration of the relative abilities of three different types ofionizing radiationto penetrate solid matter. Typical alpha particles (α) are stopped by a sheet of paper, while beta particles (β) are stopped by 3mm aluminum foil. Gamma radiation (γ) is dampened when it penetrates lead. Note caveats in the text about this simplified diagram.[clarification needed]",
          "subtopic": "Ionizing radiation"
        },
        {
          "url": "https://upload.wikimedia.org/wikipedia/commons/thumb/b/b5/Radioactive.svg/250px-Radioactive.svg.png",
          "description": "The international symbol for types and levels of ionizing radiation (radioactivity) that are unsafe forunshieldedhumans. Radiation, in general, exists throughout nature, such as in light and sound.",
          "subtopic": "Ionizing radiation"
        },
        {
          "url": "https://upload.wikimedia.org/wikipedia/commons/thumb/6/69/Radon_decay_in_a_cloud_chamber.jpg/250px-Radon_decay_in_a_cloud_chamber.jpg",
          "description": "Some kinds ofionizingradiation can be detected in acloud chamber.",
          "subtopic": "Detection methods"
        },
        {
          "url": "https://upload.wikimedia.org/wikipedia/commons/thumb/6/6e/Radioactivity_and_radiation.png/500px-Radioactivity_and_radiation.png",
          "description": "Graphic showing relationships between radioactivity and detected ionizing radiation",
          "subtopic": "Ionizing radiation"
        },
        {
          "url": "https://upload.wikimedia.org/wikipedia/commons/thumb/8/8a/Electromagnetic-Spectrum.png/250px-Electromagnetic-Spectrum.png",
          "description": "Theelectromagnetic spectrum",
          "subtopic": "Electromagnetic Radiation"
        },
        {
          "url": "https://upload.wikimedia.org/wikipedia/commons/thumb/8/8a/Radio_waves_hazard_symbol.svg/250px-Radio_waves_hazard_symbol.svg.png",
          "description": "Symbol for radio waves",
          "subtopic": "Electromagnetic Radiation"
        }
      ],
      "youtube": [
        {
          "url": "https://www.youtube.com/watch?v=NAMdYLVb_hQ",
          "video_title": "Radioactivity: Alpha Beta and Gamma Radiations",
          "video_description": "This lecture is about radioactivity, alpha radiation, beta radiation and gamma radiation. I will also teach you about radioactive ..."
        },
        {
          "url": "https://www.youtube.com/watch?v=NAMdYLVb_hQ",
          "video_title": "Radioactivity: Alpha Beta and Gamma Radiations",
          "video_description": "This lecture is about radioactivity, alpha radiation, beta radiation and gamma radiation. I will also teach you about radioactive ..."
        },
        {
          "url": "https://www.youtube.com/watch?v=NAMdYLVb_hQ",
          "video_title": "Radioactivity: Alpha Beta and Gamma Radiations",
          "video_description": "This lecture is about radioactivity, alpha radiation, beta radiation and gamma radiation. I will also teach you about radioactive ..."
        },
        {
          "url": "https://www.youtube.com/watch?v=lIE56p_lqzA",
          "video_title": "Electromagnetic Waves | Physics",
          "video_description": "In this animated lecture, I will teach you about electromagnetic waves, oscillations of electric field and oscillations of magnetic ..."
        },
        {
          "url": "https://www.youtube.com/watch?v=lIE56p_lqzA",
          "video_title": "Electromagnetic Waves | Physics",
          "video_description": "In this animated lecture, I will teach you about electromagnetic waves, oscillations of electric field and oscillations of magnetic ..."
        }
      ]
    },
    {
      "concept": "Good Conductors of Heat",
      "description": "Good conductors of heat are materials that allow heat to pass through them easily and quickly. Think of them like a wide, clear highway for heat energy to travel on.",
      "key_topics": [
        "Materials that are good conductors of heat.",
        "Examples of good conductors."
      ],
      "detail": "Some materials are better at transferring heat than others. These materials are called good conductors of heat. They have special properties that make it easy for heat energy to move from one part of the material to another, or from one material to another when they are in contact. When you heat one end of a good conductor, the tiny particles (atoms or molecules) in that part get more energy and start vibrating more vigorously. These vibrations are passed on to their neighbours, like a chain reaction, and this process continues throughout the material, carrying the heat along. In metals, there are also free electrons that can move around and carry heat energy very efficiently.",
      "working": "When you heat one end of a good conductor, the tiny particles (atoms or molecules) in that part get more energy and start vibrating more vigorously. These vibrations are passed on to their neighbours, like a chain reaction, and this process continues throughout the material, carrying the heat along. In metals, there are also free electrons that can move around and carry heat energy very efficiently.",
      "intuition_logical_flow": "Imagine a long line of students holding hands. If the first student starts shaking their arms vigorously, that movement will quickly travel down the line to the last student. Materials that are good conductors are like this line of students – their particles are close enough and connected in a way that allows the \"shaking\" (heat) to pass through easily.",
      "critical_thinking": "If you need to design a pot that cooks food quickly and efficiently, what materials would you choose for the base of the pot, and why?",
      "open_ended_mcqs": [
        {
          "question": "Which of the following is generally a good conductor of heat?",
          "options": [
            "a) Wood",
            "b) Plastic",
            "c) Aluminium",
            "d) Cotton"
          ]
        },
        {
          "question": "When you touch a metal spoon that has been left in a hot cup of soup, it feels hot quickly. This is because metal is:",
          "options": [
            "a) A good insulator of heat",
            "b) A poor conductor of heat",
            "c) A good conductor of heat",
            "d) A poor insulator of heat"
          ]
        },
        {
          "question": "Which statement best describes a good conductor of heat?",
          "options": [
            "a) It traps heat and prevents it from escaping.",
            "b) It allows heat to pass through it easily.",
            "c) It changes colour when heated.",
            "d) It expands significantly when heated."
          ]
        }
      ],
      "real_life_applications": [
        "1. Cooking Utensils: The base of cooking pots and pans are often made of metals like copper or aluminium because they are good conductors of heat, allowing food to cook faster.",
        "2. Heat Sinks in Electronics: Metal components are used in electronics to draw heat away from sensitive parts like processors, preventing them from overheating.",
        "3. Radiators: The metal fins of car radiators are good conductors of heat, helping to transfer heat from the engine coolant to the air."
      ],
      "relation_between_sub_concepts": "The concept of \"good conductors of heat\" is directly related to the concept of \"heat transfer\" because it describes *how* heat moves through certain materials. Good conductors facilitate rapid heat transfer.",
      "cross_concept_critical_thinking": "How might the conductivity of materials affect the way we design buildings in very hot climates versus very cold climates, considering both heat and insulation? (Links to concepts of heat transfer and insulation, potentially from physics or environmental science).",
      "exam_oriented_questions": [
        "1. Define a good conductor of heat and give two examples.",
        "2. Explain why metals are generally considered good conductors of heat.",
        "3. Describe an experiment to demonstrate that some materials are better conductors of heat than others."
      ],
      "metrics_estimation": {
        "estimated_avg_time_taken_for_the_1st_time_learners": "10 min",
        "estimated_avg_time_taken_for_the_2nd_time_learners": "3 min",
        "number_of_revisions_needed_to_master": "3 (interval of revisit in days: 5)"
      },
      "importance": {
        "importance_for_the_rest_of_the_chapter": "80% (This concept is foundational for understanding other aspects of heat transfer discussed in the chapter).",
        "importance_for_the_olympiad": "Medium",
        "importance_for_the_iit_neet": "Low (More conceptual foundation than direct application at this level).",
        "definition_getting_asked_in_the_unit_test": "High"
      },
      "which_aspect_is_important": "Def/concept",
      "should_you_remember_this": "Yes, because understanding good conductors is crucial for grasping how heat moves and for many practical applications related to cooking, insulation, and everyday objects.",
      "exam_preparation_common_mistakes_exam_tips": {
        "exam_preparation": "Make sure you can clearly define what a good conductor is and provide at least two common examples from everyday life. Understand *why* they are good conductors.",
        "common_mistakes": "Confusing good conductors with good insulators. Forgetting to mention the *transfer* of heat when defining a good conductor.",
        "exam_tips": "When answering questions, be specific. Instead of just saying \"metals,\" try to give examples like \"aluminium\" or \"copper.\" If asked to explain, use the idea of heat passing through easily."
      },
      "images": [
        {
          "url": "https://upload.wikimedia.org/wikipedia/commons/thumb/a/ad/Iron_electrolytic_and_1cm3_cube.jpg/250px-Iron_electrolytic_and_1cm3_cube.jpg",
          "description": "Iron, shown here as fragments and a 1 cm3cube, is an example of achemical elementthat is a metal.",
          "subtopic": "Iron"
        },
        {
          "url": "https://upload.wikimedia.org/wikipedia/commons/thumb/9/92/Gallium_crystals.jpg/250px-Gallium_crystals.jpg",
          "description": "Galliumcrystals",
          "subtopic": "Gallium"
        },
        {
          "url": "https://upload.wikimedia.org/wikipedia/commons/thumb/b/be/Ductility.svg/250px-Ductility.svg.png",
          "description": "Schematic appearance of round metal bars after tensile testing.(a) Brittle fracture(b) Ductile fracture(c) Completely ductile fracture",
          "subtopic": "Tensile Testing"
        },
        {
          "url": "https://upload.wikimedia.org/wikipedia/commons/thumb/a/ad/Battery_Demonstration_Unit_-_DPLA_%28cropped%29.jpg/250px-Battery_Demonstration_Unit_-_DPLA_%28cropped%29.jpg",
          "description": "Battery demonstration unit for conducting polymers built by nobel laureateAlan MacDiarmid[27]",
          "subtopic": "Conducting polymers"
        },
        {
          "url": "https://upload.wikimedia.org/wikipedia/commons/thumb/9/91/Pigs_and_Bars_of_Babbitt.jpg/250px-Pigs_and_Bars_of_Babbitt.jpg",
          "description": "Samples ofbabbitt metal, an alloy oftin,antimony, andcopper, used in bearings to reduce friction",
          "subtopic": "Alloys"
        },
        {
          "url": "https://upload.wikimedia.org/wikipedia/commons/thumb/3/3f/Willem_Lenssinck_-_Formula_I_Racing_Horse.jpg/250px-Willem_Lenssinck_-_Formula_I_Racing_Horse.jpg",
          "description": "A sculpture cast innickel silver—an alloy of copper, nickel, and zinc that looks like silver",
          "subtopic": "Nickel silver alloy"
        }
      ],
      "youtube": [
        {
          "url": "https://www.youtube.com/watch?v=KgUmNQD6m5Q",
          "video_title": "Alloy & their Properties | Properties of Matter | Chemistry | FuseSchool",
          "video_description": "Learn the basics about alloys and their properties as a part of metallic bonding within the properties of matter topic. SUBSCRIBE ..."
        }
      ]
    },
    {
      "concept": "Poor Conductors (Insulators) of Heat",
      "description": "Some materials don't let heat pass through them easily. These materials are called poor conductors or insulators of heat. They are like a barrier that slows down or stops heat from moving.",
      "key_topics": [
        "Materials that are poor conductors of heat.",
        "Examples of poor conductors.",
        "Use of poor conductors."
      ],
      "detail": "Poor conductors, also known as insulators, are materials that resist the flow of heat. Unlike good conductors (like metals), which allow heat to travel quickly through them, insulators impede this movement. This means that if one side of an insulator is hot, the other side will take a much longer time to get warm. When heat tries to move through a material, it does so by making the particles of the material vibrate and bump into each other, passing the energy along. In good conductors, these particles are arranged in a way that allows this transfer to happen efficiently. In poor conductors, the particles are either not packed tightly enough, or they don't have the right structure, to transfer heat energy easily. So, the heat energy gets \"trapped\" or moves very slowly.",
      "working": "When heat tries to move through a material, it does so by making the particles of the material vibrate and bump into each other, passing the energy along. In good conductors, these particles are arranged in a way that allows this transfer to happen efficiently. In poor conductors, the particles are either not packed tightly enough, or they don't have the right structure, to transfer heat energy easily. So, the heat energy gets \"trapped\" or moves very slowly.",
      "intuition_logical_flow": "Imagine trying to pass a message down a line of people. If the people are standing very close and are good at listening and repeating, the message will travel quickly (like heat in a good conductor). If the people are far apart, or easily distracted, or not good at passing messages, it will take a long time for the message to reach the end (like heat in a poor conductor). Insulators are like those easily distracted people or people standing far apart – they are not efficient at passing heat along.",
      "critical_thinking": "You are designing a new type of lunchbox to keep food hot for a very long time. What kind of materials would you choose for its walls, and why?",
      "open_ended_mcqs": [
        {
          "question": "Which of the following is the BEST example of a poor conductor of heat?",
          "options": [
            "a) Copper",
            "b) Iron",
            "c) Wood",
            "d) Aluminum"
          ]
        },
        {
          "question": "Why is a woolen sweater a good insulator?",
          "options": [
            "a) It is made of metal.",
            "b) It traps a lot of air, which is a poor conductor of heat.",
            "c) It allows heat to pass through easily.",
            "d) It reflects all the heat from your body."
          ]
        },
        {
          "question": "If you hold a metal rod and a wooden stick by their ends, and heat one end of each, which will feel hot first?",
          "options": [
            "a) The wooden stick",
            "b) The metal rod",
            "c) Both will feel hot at the same time",
            "d) Neither will feel hot"
          ]
        },
        {
          "question": "Which of these is NOT a typical use of a poor conductor of heat?",
          "options": [
            "a) Handles of cooking utensils",
            "b) Walls of a refrigerator",
            "c) Heating coils of an electric heater",
            "d) Insulating layers in clothing"
          ]
        }
      ],
      "real_life_applications": [
        "Handles of cooking utensils: Made of plastic or wood to prevent our hands from getting burnt.",
        "Thermos Flasks: The vacuum between the inner and outer walls, and the materials used, act as insulators to keep liquids hot or cold.",
        "Woolen Clothes: Trap air and prevent body heat from escaping into the cold surroundings."
      ],
      "relation_between_sub_concepts": "The concept of \"poor conductors\" is directly related to the idea of \"heat transfer.\" While good conductors facilitate rapid heat transfer, poor conductors (insulators) significantly slow it down or prevent it. The effectiveness of an insulator depends on its material properties and how well it hinders conduction, convection, and sometimes radiation.",
      "cross_concept_critical_thinking": "Consider a house built in a very cold region. Why would the walls be made thicker, and what kind of materials would be preferred for insulation compared to a house built in a hot region, considering both heat loss and heat gain? (This links to thermal properties and building design).",
      "exam_oriented_questions": [
        "1. What are poor conductors of heat? Give two examples.",
        "2. Explain why the handles of cooking pots are usually made of plastic or wood.",
        "3. Describe how insulators help keep things warm or cold."
      ],
      "metrics_estimation": {
        "estimated_avg_time_taken_for_the_1st_time_learners": "10 min",
        "estimated_avg_time_taken_for_the_2nd_time_learners": "3 min",
        "number_of_revisions_needed_to_master": "3 (interval of revisit in days: 5)"
      },
      "importance": {
        "importance_for_the_rest_of_the_chapter": "50% (understanding insulators is crucial for understanding heat transfer and its applications)",
        "importance_for_the_olympiad": "Medium",
        "importance_for_the_iit_neet": "Low (basic concept, more advanced applications are tested)",
        "definition_getting_asked_in_the_unit_test": "Medium"
      },
      "which_aspect_is_important": "Def/concept",
      "should_you_remember_this": "Yes, because it explains why we use certain materials in everyday life to control temperature and prevent burns. Understanding this concept helps in practical applications.",
      "exam_preparation_common_mistakes_exam_tips": {
        "exam_preparation": "Focus on understanding the definition and identifying common examples of insulators. Think about *why* they are insulators.",
        "common_mistakes": "Confusing insulators with conductors, or not being able to give practical examples.",
        "exam_tips": "When answering questions, clearly state that the material is a poor conductor (insulator) which prevents heat from reaching your hand."
      },
      "images": [],
      "youtube": []
    },
    {
      "concept": "Land Breeze",
      "description": "A land breeze is a wind that blows from the land towards the sea, usually at night. It happens because the land cools down faster than the sea.",
      "key_topics": [
        "Land breeze",
        "Wind from land to sea",
        "Happens at night"
      ],
      "detail": "Land breeze is a type of local wind that occurs along coastal areas. It is the opposite of a sea breeze. This phenomenon is driven by the difference in temperature between the land and the sea.",
      "working": [
        "1. At Night: After sunset, the land starts to lose heat and cools down much faster than the sea.",
        "2. Temperature Difference: This creates a temperature difference: the land becomes cooler than the sea.",
        "3. Air Pressure: Cooler air is denser and creates an area of high pressure over the land. The warmer air over the sea is less dense and creates an area of low pressure over the sea.",
        "4. Wind Movement: Air always moves from an area of high pressure to an area of low pressure. Therefore, the wind blows from the cooler land (high pressure) towards the warmer sea (low pressure). This is the land breeze."
      ],
      "intuition_logical_flow": "Think of it like this: the land gets \"cold\" and \"heavy\" at night, pushing its air towards the \"warm\" and \"light\" sea air. It's like a gentle push from the land to the sea.",
      "critical_thinking": "Imagine you are a sailor at night, relying on the wind to move your boat. If you are close to shore, how would you use the land breeze to your advantage?",
      "open_ended_mcqs": [
        {
          "question": "Which of the following best describes a land breeze?",
          "options": [
            "a) Wind blowing from sea to land during the day.",
            "b) Wind blowing from land to sea during the night.",
            "c) Wind blowing from land to sea during the day.",
            "d) Wind blowing from sea to land during the night."
          ]
        },
        {
          "question": "Why does a land breeze occur?",
          "options": [
            "a) The sea cools down faster than the land at night.",
            "b) The land cools down faster than the sea at night.",
            "c) The sun heats the land more at night.",
            "d) The sea is always warmer than the land."
          ]
        },
        {
          "question": "During a land breeze, where is the air pressure generally higher?",
          "options": [
            "a) Over the sea",
            "b) Over the land",
            "c) Equally over land and sea",
            "d) In the sky"
          ]
        }
      ],
      "real_life_applications": [
        "1. Coastal Navigation: Sailors and fishermen use the land breeze to sail their boats back towards the shore at night.",
        "2. Comfort in Coastal Areas: The cool air moving from the land can provide some relief from the night-time heat in coastal towns.",
        "3. Observing Coastal Weather: Understanding land breezes helps in predicting local wind patterns along the coast."
      ],
      "relation_between_sub_concepts": "Land breeze is directly related to the concept of sea breeze. Both are caused by the differential heating and cooling of land and sea. While the sea breeze occurs during the day (land heats up faster, air rises, low pressure over land, high pressure over sea, wind from sea to land), the land breeze occurs at night (land cools down faster, high pressure over land, low pressure over sea, wind from land to sea).",
      "cross_concept_critical_thinking": "How might the presence of a large, warm body of water (like a lake) influence the formation of land and sea breezes in its surrounding areas, similar to how the ocean does? (Connects to geographical features and their impact on climate).",
      "exam_oriented_questions": [
        "1. Explain the formation of a land breeze. (Short Answer)",
        "2. Why does the wind blow from land to sea at night? (Short Answer)",
        "3. Describe the difference between a sea breeze and a land breeze, mentioning the time of day and direction of wind for each. (Long Answer)"
      ],
      "metrics_estimation": {
        "estimated_avg_time_taken_for_the_1st_time_learners": "10 min",
        "estimated_avg_time_taken_for_the_2nd_time_learners": "3 min",
        "number_of_revisions_needed_to_master": "3 (interval of revisit in days: 5)"
      },
      "importance": {
        "importance_for_the_rest_of_the_chapter": "30%",
        "importance_for_the_olympiad": "Low",
        "importance_for_the_iit_neet": "Very very rare",
        "definition_getting_asked_in_the_unit_test": "Medium"
      },
      "which_aspect_is_important": "Def/Concept",
      "should_you_remember_this": "Yes, because understanding land breezes helps explain local weather patterns and how temperature differences create wind, which is a fundamental concept in meteorology and geography.",
      "exam_preparation_common_mistakes_exam_tips": {
        "exam_preparation": "Draw a simple diagram showing the land, sea, high/low pressure areas, and the direction of the land breeze at night. This visual aid will help you remember the process.",
        "common_mistakes": "Confusing the direction of the land breeze with the sea breeze, or mixing up the high and low-pressure areas.",
        "exam_tips": "When answering questions, always specify \"at night\" for land breeze and \"during the day\" for sea breeze, and clearly state the direction of wind (from land to sea or sea to land)."
      },
      "images": [],
      "youtube": []
    },
    {
      "concept": "Sea Breeze",
      "description": "A sea breeze is a wind that blows from the sea towards the land during the day. It happens because the land heats up faster than the sea.",
      "key_topics": [
        "Land heats up faster than water.",
        "Cooler air is denser than warmer air.",
        "Air moves from areas of high pressure to areas of low pressure."
      ],
      "detail": "During the day, the sun's rays heat both the land and the sea. However, land gets hot much quicker than water. As the land heats up, the air above it also gets warm. Warm air is lighter and rises up. This creates an area of low pressure over the land. Meanwhile, the sea is cooler, and the air above it remains cool and dense. This cool, dense air moves to take the place of the rising warm air. This movement of cool air from the sea to the land is what we call a sea breeze.",
      "working": [
        "1. Sunlight heats land and sea: The sun shines, warming both the land and the sea.",
        "2. Land heats faster: The land absorbs heat and becomes warmer than the sea.",
        "3. Air above land heats up: The air above the hot land gets warm.",
        "4. Warm air rises: Warm air is less dense and rises, creating a low-pressure area over the land.",
        "5. Air above sea stays cool: The air above the cooler sea remains relatively cool and dense.",
        "6. Cool air moves in: This cooler, denser air from the sea flows towards the land to fill the low-pressure area created by the rising warm air.",
        "7. Sea breeze forms: This flow of air from the sea to the land is the sea breeze."
      ],
      "intuition_logical_flow": "Imagine you have a hot plate and a bowl of cool water. The hot plate (land) gets hot quickly. The air above the hot plate (land) also gets hot and rises. The cool water (sea) doesn't heat up as fast, so the air above it stays cool. This cool air naturally wants to move towards the place where the warm air is rising and disappearing. So, the cool air from the water \"flows\" towards the hot plate. That's your sea breeze!",
      "critical_thinking": "If you were designing a beachside cafe to feel as cool as possible on a hot day, where would you position the open windows to take maximum advantage of the sea breeze?",
      "open_ended_mcqs": [
        {
          "question": "What causes the air above the land to rise during the day?",
          "options": [
            "a) The land is cooler than the sea.",
            "b) The air above the land gets warm and becomes less dense.",
            "c) The sea breeze pushes the air up.",
            "d) The sun only shines on the sea."
          ]
        },
        {
          "question": "Why does a sea breeze blow from the sea towards the land?",
          "options": [
            "a) Because the land is at a higher elevation than the sea.",
            "b) Because the air over the sea is warmer and less dense.",
            "c) Because the air over the land is warmer and rises, creating low pressure that draws in cooler air from the sea.",
            "d) Because the moon's gravity pulls the air from the sea."
          ]
        },
        {
          "question": "Which statement best describes the temperature of land and sea during the day when a sea breeze occurs?",
          "options": [
            "a) Land is cooler than the sea.",
            "b) Land and sea are the same temperature.",
            "c) Land is warmer than the sea.",
            "d) The temperature of land and sea is irrelevant."
          ]
        }
      ],
      "real_life_applications": [
        "1. Coastal living: People living near the coast often feel a refreshing breeze from the sea on hot days.",
        "2. Beach tourism: The sea breeze makes beaches more comfortable for visitors and helps keep the air temperature down.",
        "3. Windmills on the coast: Windmills placed near the coast can effectively harness the energy from sea breezes."
      ],
      "relation_between_sub_concepts": "The concept of the sea breeze is a direct result of the interplay between temperature differences and air pressure. \"Land heats up faster than water\" is the cause of the temperature difference. \"Cooler air is denser than warmer air\" explains why the air pressure is different. \"Air moves from areas of high pressure to areas of low pressure\" describes the mechanism by which the breeze is created.",
      "cross_concept_critical_thinking": "How might the formation of a sea breeze be affected by the overall global atmospheric circulation patterns or large-scale weather systems, like a monsoon?",
      "exam_oriented_questions": [
        "1. Explain the formation of a sea breeze with the help of a diagram.",
        "2. Why is the air over the land generally warmer than the air over the sea during the day?",
        "3. Describe the sequence of events that leads to a sea breeze blowing from the sea to the land."
      ],
      "metrics_estimation": {
        "estimated_avg_time_taken_for_the_1st_time_learners": "10 min",
        "estimated_avg_time_taken_for_the_2nd_time_learners": "3 min",
        "number_of_revisions_needed_to_master": "3 (interval of revisit in days: 5)"
      },
      "importance": {
        "importance_for_the_rest_of_the_chapter": "30%",
        "importance_for_the_olympiad": "Medium",
        "importance_for_the_iit_neet": "Low",
        "definition_getting_asked_in_the_unit_test": "Medium"
      },
      "which_aspect_is_important": "Concept and Working",
      "should_you_remember_this": "Yes, because it explains a common natural phenomenon that affects our daily lives and is a fundamental concept in understanding atmospheric pressure and air movement.",
      "exam_preparation_common_mistakes_exam_tips": {
        "exam_preparation": "Draw a clear diagram showing the sun, land, sea, rising warm air, and the moving cool air to illustrate your explanation.",
        "common_mistakes": "Confusing the direction of the breeze or incorrectly stating that warm air moves from sea to land. Students might also forget to mention the role of pressure differences.",
        "exam_tips": "Always remember that the breeze blows *towards* the land because the land is warmer and creates a low-pressure area. Think of it as the cooler air \"filling the void.\""
      },
      "images": [],
      "youtube": []
    },
    {
      "concept": "Water Cycle",
      "description": "The water cycle is like Earth's natural way of recycling water. It's the continuous journey of water on, above, and below the surface of the Earth. This journey ensures that we always have water available, even though it's constantly moving and changing form.",
      "key_topics": [
        "Evaporation",
        "Condensation",
        "Precipitation",
        "Transpiration"
      ],
      "detail": "The water cycle is driven by the sun's energy. Water on Earth's surface (like in oceans, rivers, and lakes) gets heated up by the sun and turns into water vapor, a gas. This is called **evaporation**. Plants also release water vapor from their leaves into the air through a process called **transpiration**. As this invisible water vapor rises higher into the atmosphere, it cools down. When it cools, it turns back into tiny water droplets or ice crystals. These tiny droplets or crystals clump together to form clouds. This process is called **condensation**. When these clouds become too full of water droplets, they release the water back to Earth. This falling water is called **precipitation**. Precipitation can be in the form of rain, snow, sleet, or hail. This water then collects in oceans, rivers, lakes, or soaks into the ground, and the cycle begins again.",
      "working": [
        "1. Evaporation & Transpiration: The sun's heat causes water from oceans, lakes, rivers, and even soil to turn into invisible water vapor and rise into the air. Plants also release water vapor from their leaves (transpiration).",
        "2. Condensation: As the warm, moist air rises, it cools. The water vapor in the air turns back into tiny liquid water droplets or ice crystals, forming clouds.",
        "3. Precipitation: When the clouds become heavy with water droplets or ice crystals, the water falls back to Earth as rain, snow, sleet, or hail.",
        "4. Collection: The fallen water collects in bodies of water like oceans, lakes, and rivers, or it seeps into the ground, replenishing groundwater. This collected water is then ready to evaporate again."
      ],
      "intuition_logical_flow": "Think of it like a big, continuous loop. The sun is the engine that powers the loop. Water goes up into the sky as a gas (evaporation), forms clouds (condensation), and then comes back down as rain or snow (precipitation). Once it's back on the ground, it either flows back to where it started to go up again or soaks into the ground. It's a constant recycling process, just like how we recycle our trash!",
      "critical_thinking": "Imagine a world where the sun suddenly stopped providing heat. How would this drastically impact the water cycle, and what would be the most immediate consequences for life on Earth?",
      "open_ended_mcqs": [
        {
          "question": "Which process in the water cycle involves water turning into water vapor and rising into the atmosphere?",
          "options": [
            "a) Condensation",
            "b) Precipitation",
            "c) Evaporation",
            "d) Collection"
          ],
          "correct_answer": "c) Evaporation"
        },
        {
          "question": "Clouds are formed during which stage of the water cycle?",
          "options": [
            "a) Evaporation",
            "b) Transpiration",
            "c) Condensation",
            "d) Precipitation"
          ],
          "correct_answer": "c) Condensation"
        },
        {
          "question": "What are the different forms that precipitation can take?",
          "options": [
            "a) Only rain",
            "b) Rain, snow, sleet, or hail",
            "c) Only snow and ice",
            "d) Water vapor and clouds"
          ],
          "correct_answer": "b) Rain, snow, sleet, or hail"
        }
      ],
      "real_life_applications": [
        "1. Farming: Farmers rely on precipitation (rain or snow) to water their crops. Understanding the water cycle helps them manage irrigation and plan for different weather conditions.",
        "2. Weather Forecasting: Meteorologists study the movement of water vapor and the formation of clouds to predict rainfall and other weather patterns.",
        "3. Water Resource Management: Understanding how water moves and collects helps engineers and scientists manage dams, reservoirs, and groundwater supplies for drinking water and other uses."
      ],
      "relation_between_sub_concepts": "Evaporation is the first step where water turns into vapor. Transpiration is another way water vapor enters the atmosphere, similar to evaporation but from plants. Condensation is the direct opposite of evaporation, where water vapor cools and turns back into liquid or solid form to create clouds. Precipitation is the result of condensation, where the water in clouds falls back to Earth. All these processes are interconnected. Evaporation leads to condensation, which leads to precipitation, and the collected water from precipitation is then available for evaporation again, completing the cycle.",
      "cross_concept_critical_thinking": "How does the concept of the water cycle relate to the \"Weather and Climate\" chapter, specifically regarding the formation of different types of weather phenomena like thunderstorms or blizzards?",
      "exam_oriented_questions": [
        "1. Describe the main stages of the water cycle. (Short Answer)",
        "2. Explain the processes of evaporation and condensation with the help of a diagram. (Long Answer)",
        "3. What is transpiration, and how does it contribute to the water cycle? (Short Answer)"
      ],
      "metrics_estimation": {
        "estimated_avg_time_taken_for_the_1st_time_learners": "10 min",
        "estimated_avg_time_taken_for_the_2nd_time_learners": "3 min",
        "number_of_revisions_needed_to_master": "3 (interval of revisit in days: 5)"
      },
      "importance": {
        "importance_for_the_rest_of_the_chapter": "60% (As water is a crucial element and its movement is fundamental to many Earth processes)",
        "importance_for_the_olympiad": "Medium (Basic understanding is crucial for many questions)",
        "importance_for_the_iit_neet": "Low (Direct questions are rare, but understanding is foundational for environmental science aspects)",
        "definition_getting_asked_in_the_unit_test": "High (The definition and the main processes are frequently tested)"
      },
      "which_aspect_is_important": "Def/concept - Understanding the entire cyclical process and the definitions of each stage is crucial.",
      "should_you_remember_this": "Yes, because the water cycle is a fundamental natural process that explains where our water comes from and why it's important to conserve it. It's also a core concept in Earth Science.",
      "exam_preparation_common_mistakes_exam_tips": {
        "exam_preparation": "Draw a clear, labeled diagram of the water cycle. Practice explaining each stage in your own words.",
        "common_mistakes": "Confusing evaporation with condensation, or not including transpiration in the explanation. Students might also forget to mention the role of the sun.",
        "exam_tips": "When answering questions, start by defining the water cycle, then elaborate on each stage with clear explanations and keywords. If asked to draw, ensure all arrows and labels are accurate."
      },
      "images": [
        {
          "url": "https://upload.wikimedia.org/wikipedia/commons/thumb/6/60/USGS_WaterCycle_English_ONLINE_20221013.png/500px-USGS_WaterCycle_English_ONLINE_20221013.png",
          "description": "A detailed diagram depicting the global water cycle. The direction of movement of water between reservoirs tends towards upwards movement throughevapotranspirationand downward movement throughgravity. The diagram also shows how human water use impacts where water is stored and how it moves.[1]",
          "subtopic": "Evapotranspiration"
        },
        {
          "url": "https://upload.wikimedia.org/wikipedia/commons/thumb/7/7c/HydrologicalCycle1.png/500px-HydrologicalCycle1.png",
          "description": "Processes leading to movements and phase changes in water",
          "subtopic": "Water Cycle Processes"
        },
        {
          "url": "https://upload.wikimedia.org/wikipedia/commons/thumb/7/73/HumanIntegratedWaterCycle_%282%29.jpg/500px-HumanIntegratedWaterCycle_%282%29.jpg",
          "description": "Water cycle showing human influences and major pools (storages) and fluxes.[27]",
          "subtopic": "Overview"
        },
        {
          "url": "https://upload.wikimedia.org/wikipedia/commons/thumb/4/46/Natural_%26_impervious_cover_diagrams_EPA.jpg/500px-Natural_%26_impervious_cover_diagrams_EPA.jpg",
          "description": "Relationship betweenimpervious surfacesandsurface runoff",
          "subtopic": "Runoff"
        },
        {
          "url": "https://upload.wikimedia.org/wikipedia/commons/thumb/1/1f/20211109_Frequency_of_extreme_weather_for_different_degrees_of_global_warming_-_bar_chart_IPCC_AR6_WG1_SPM.svg/250px-20211109_Frequency_of_extreme_weather_for_different_degrees_of_global_warming_-_bar_chart_IPCC_AR6_WG1_SPM.svg.png",
          "description": "Extreme weather(heavy rains,droughts,heat waves) is one consequence of achanging water cycle due to global warming. These events will be progressively more common as the Earth warms more and more.[35]: Figure SPM.6",
          "subtopic": "Consequences"
        },
        {
          "url": "https://upload.wikimedia.org/wikipedia/commons/thumb/8/8d/Soil_moisture_and_climate_change.svg/250px-Soil_moisture_and_climate_change.svg.png",
          "description": "Predicted changes in average soil moisture for a scenario of 2°C global warming. This can disrupt agriculture and ecosystems. A reduction in soil moisture by onestandard deviationmeans that average soil moisture will approximately match the ninth driest year between 1850 and 1900 at that location.",
          "subtopic": "Soil Moisture"
        }
      ],
      "youtube": []
    },
    {
      "concept": "Infiltration",
      "description": "Infiltration is like a sponge soaking up water! It's the process where rainwater or surface water seeps down into the ground through tiny spaces between soil and rocks.",
      "key_topics": [
        "Percolation of water into the ground."
      ],
      "detail": "When it rains, not all the water flows over the surface to form rivers. A significant portion of this water soaks into the soil. This happens because the soil and the layers beneath it are not solid blocks; they have tiny gaps and cracks. Water finds its way through these openings.",
      "working": [
        "1. Rainfall: Water falls on the Earth's surface.",
        "2. Surface Absorption: Some water is absorbed by plants.",
        "3. Seepage: The remaining water starts to move downwards into the soil.",
        "4. Pore Spaces: Water moves through the small spaces (pores) between soil particles and rocks.",
        "5. Percolation: This downward movement of water through the soil and rock layers is called percolation.",
        "6. Groundwater: Over time, this water can reach deeper layers of the Earth and become groundwater."
      ],
      "intuition_logical_flow": "Imagine a leaky bucket. When you pour water into it, some water stays in the bucket, and some drips through the holes at the bottom. Infiltration is similar, but instead of holes, the Earth's surface has tiny spaces that let water seep through.",
      "critical_thinking": "If a city builds many roads and buildings, covering large areas of the ground with concrete, how might this affect the amount of water that infiltrates into the ground?",
      "open_ended_mcqs": [
        {
          "question": "Which of the following best describes infiltration?",
          "options": [
            "a) Water flowing rapidly over the land surface.",
            "b) Water evaporating into the atmosphere.",
            "c) Water soaking into the ground.",
            "d) Water freezing into ice."
          ]
        },
        {
          "question": "What are the tiny spaces between soil particles and rocks that allow water to infiltrate called?",
          "options": [
            "a) Aquifers",
            "b) Pore spaces",
            "c) Water tables",
            "d) Rivers"
          ]
        },
        {
          "question": "If the ground is very hard and compacted, what is likely to happen to rainwater?",
          "options": [
            "a) More water will infiltrate.",
            "b) Less water will infiltrate, and more will flow on the surface.",
            "c) All the water will evaporate quickly.",
            "d) The ground will absorb water like a sponge."
          ]
        }
      ],
      "real_life_applications": [
        "1. Recharging Groundwater: Infiltration is how underground water sources are refilled.",
        "2. Irrigation: Farmers rely on infiltration for crops to receive water.",
        "3. Flood Prevention: Natural infiltration helps reduce surface water runoff, which can prevent floods."
      ],
      "relation_between_sub_concepts": "The key concept here is the downward movement of water through the ground. The textbook mentions \"percolation of water into the ground,\" which is essentially the process of infiltration. Infiltration is the *entry* of water into the soil, and percolation is its continued *movement downwards* through the soil and rock layers.",
      "cross_concept_critical_thinking": "How might increased infiltration in a particular area affect the availability of surface water bodies like ponds and lakes in that same region? (Hint: Think about how ponds and lakes get their water and what happens when water goes underground).",
      "exam_oriented_questions": [
        "1. Define infiltration.",
        "2. Explain how rainwater infiltrates into the ground.",
        "3. Why is infiltration important for the environment?"
      ],
      "metrics_estimation": {
        "estimated_avg_time_taken_for_the_1st_time_learners": "10 min",
        "estimated_avg_time_taken_for_the_2nd_time_learners": "3 min",
        "number_of_revisions_needed_to_master": "3 (interval of revisit in days: 5)"
      },
      "importance": {
        "importance_for_the_rest_of_the_chapter": "30% (This concept is foundational for understanding groundwater.)",
        "importance_for_the_olympiad": "Low",
        "importance_for_the_iit_neet": "Low",
        "definition_getting_asked_in_the_unit_test": "Medium"
      },
      "which_aspect_is_important": "Def/concept",
      "should_you_remember_this": "Yes, because it explains a fundamental natural process that replenishes our water resources.",
      "exam_preparation_common_mistakes_exam_tips": {
        "exam_preparation": "Understand that infiltration is about water going *into* the ground, not just flowing on it. Visualize the process with the sponge analogy.",
        "common_mistakes": "Confusing infiltration with surface runoff or evaporation. Thinking that all water that falls becomes groundwater.",
        "exam_tips": "When answering questions, clearly state that infiltration is the *seeping* or *soaking* of water *into* the soil or ground."
      },
      "images": [],
      "youtube": []
    },
    {
      "concept": "Groundwater",
      "description": "Imagine the Earth has a hidden treasure chest of water underground! Groundwater is simply the water that lies beneath the Earth's surface, filling up the tiny spaces between rocks and soil. It's a super important source of water for many of us.",
      "key_topics": [
        "What is groundwater?",
        "How does groundwater get there?",
        "What is an aquifer?",
        "What is a water table?",
        "How do we get groundwater? (Wells and tube wells)",
        "Depletion of groundwater."
      ],
      "detail": "Groundwater is water that has seeped down from the surface, through the soil and rocks, until it reaches a layer that holds it. This water can be found at different depths. The top level of this underground water is called the **water table**. Below the water table, the ground is completely filled with water. The rocks and soil that hold and allow water to pass through are called **aquifers**.",
      "working": [
        "1. Rainfall and Surface Water: When it rains, or when rivers and lakes have water, some of this water soaks into the ground.",
        "2. Seepage: This water travels downwards through the soil and rocks, like water going through a sponge.",
        "3. Reaching the Water Table: Eventually, the water reaches a layer of rock or soil that is impermeable (meaning water cannot pass through it easily). This layer acts like a barrier.",
        "4. Accumulation: The water then starts to collect above this impermeable layer, forming a pool of groundwater. The upper surface of this collected water is the water table.",
        "5. Aquifers: The porous (having small holes) and permeable rocks and soil above the impermeable layer that hold this water are called aquifers."
      ],
      "intuition_logical_flow": "Think of a sponge. When you pour water on it, the water goes *into* the sponge. Now imagine that sponge is placed on a tray that doesn't let water through. The sponge will absorb water until it's full, and the water will start to gather at the bottom of the sponge, sitting on the tray. The water at the bottom of the sponge is like groundwater, and the tray is like the impermeable layer. The sponge itself is like the aquifer.",
      "critical_thinking": "If the water table in a region drops significantly, what are two different ways this might affect the local plant and animal life, and why?",
      "open_ended_mcqs": [
        {
          "question": "What is the top level of underground water called?",
          "options": [
            "a) Aquifer",
            "b) Impermeable layer",
            "c) Water table",
            "d) Surface water"
          ]
        },
        {
          "question": "Which of the following acts like a container for groundwater, allowing it to flow through?",
          "options": [
            "a) Water table",
            "b) Impermeable layer",
            "c) Rain",
            "d) Aquifer"
          ]
        },
        {
          "question": "How does groundwater primarily get replenished?",
          "options": [
            "a) Evaporation from lakes",
            "b) Seepage from rainfall and surface water",
            "c) Melting glaciers",
            "d) Underground volcanic activity"
          ]
        },
        {
          "question": "If we dig a well, what are we trying to reach?",
          "options": [
            "a) The impermeable layer",
            "b) The water table",
            "c) The surface of the Earth",
            "d) The ocean"
          ]
        }
      ],
      "real_life_applications": [
        "1. Drinking Water: Many villages and cities use wells and tube wells to draw groundwater for drinking, cooking, and other daily needs.",
        "2. Agriculture: Farmers use groundwater to irrigate their crops, especially in areas where rainfall is scarce.",
        "3. Industrial Use: Industries often rely on groundwater for various processes, such as cooling or as a raw material."
      ],
      "relation_between_sub_concepts": "Groundwater is the main concept. The water table is the upper boundary of the groundwater. Aquifers are the underground layers that hold and transmit groundwater. The process of how groundwater gets there explains how rainfall and surface water contribute to the formation of the water table and aquifers. Wells and tube wells are methods of accessing groundwater from aquifers below the water table. Depletion of groundwater is a consequence of using groundwater faster than it can be replenished.",
      "cross_concept_critical_thinking": "How might the deforestation of an area, as discussed in Chapter 6 (Forests Our Lifeline), potentially impact the level of the water table and the availability of groundwater in that region? Explain the connection.",
      "exam_oriented_questions": [
        "1. Define groundwater and explain how it is formed.",
        "2. What is a water table? What is an aquifer?",
        "3. Describe two methods used to extract groundwater and explain their working. What happens if groundwater is used excessively?"
      ],
      "exam_preparation_common_mistakes_exam_tips": {
        "exam_preparation": "Draw diagrams to illustrate the concept of the water table and aquifers. This helps in understanding and explaining the process visually.",
        "common_mistakes": "Confusing the water table with an aquifer, or not understanding that the water table can fluctuate.",
        "exam_tips": "Clearly state definitions and use simple language to explain the working. Mention the importance of groundwater and the problems of its depletion."
      },
      "metrics_estimation": {
        "estimated_avg_time_taken_for_the_1st_time_learners": "10 min",
        "estimated_avg_time_taken_for_the_2nd_time_learners": "3 min",
        "number_of_revisions_needed_to_master": "3 (interval of revisit in days: 5)"
      },
      "importance": {
        "importance_for_the_rest_of_the_chapter": "20% (This concept is foundational for understanding water conservation and pollution in later parts of the chapter).",
        "importance_for_the_olympiad": "Medium",
        "importance_for_the_iit_neet": "Low",
        "definition_getting_asked_in_the_unit_test": "Medium"
      },
      "which_aspect_is_important": "Def/concept",
      "should_you_remember_this": "Yes, because groundwater is a vital resource, and understanding its origin and availability is crucial for understanding water management and conservation.",
      "images": [
        {
          "url": "https://upload.wikimedia.org/wikipedia/commons/thumb/8/80/Surface_water_cycle.svg/250px-Surface_water_cycle.svg.png",
          "description": "Water balance",
          "subtopic": "Recharge"
        },
        {
          "url": "https://upload.wikimedia.org/wikipedia/commons/thumb/7/7f/Shipot.jpg/250px-Shipot.jpg",
          "description": "Dzherelo, a common source of drinking water in aUkrainianvillage",
          "subtopic": "Water Source"
        },
        {
          "url": "https://upload.wikimedia.org/wikipedia/commons/thumb/c/c7/Groundwater_flow.svg/500px-Groundwater_flow.svg.png",
          "description": "Schematic of an aquifer showing confined zones, groundwater travel times, aspringand awell",
          "subtopic": "Aquifer Characterization"
        },
        {
          "url": "https://upload.wikimedia.org/wikipedia/commons/thumb/0/07/AlapahaRiver2002.jpg/250px-AlapahaRiver2002.jpg",
          "description": "The entiresurface waterflow of theAlapaha RivernearJennings,Florida, going into asinkholeleading to theFloridan Aquifergroundwater",
          "subtopic": "Aquifer"
        },
        {
          "url": "https://upload.wikimedia.org/wikipedia/commons/thumb/d/de/Burg_Zusameck_5.jpg/250px-Burg_Zusameck_5.jpg",
          "description": "Groundwater may be extracted through awater well",
          "subtopic": "Groundwater Extraction"
        },
        {
          "url": "https://upload.wikimedia.org/wikipedia/commons/thumb/e/e4/Crops_Kansas_AST_20010624.jpg/250px-Crops_Kansas_AST_20010624.jpg",
          "description": "Center-pivot irrigatedfields inKansascovering hundreds of square miles watered by theOgallala Aquifer",
          "subtopic": "Aquifer Irrigation"
        }
      ],
      "youtube": []
    }
  ]
}